timestamp,open,high,low,close,volume
2025-10-05 06:00:00+00:00,2.78887,2.79485,2.63085,2.69863,19438083.0
2025-10-05 07:00:00+00:00,2.69862,2.72,2.5,2.54602,19417034.0
2025-10-05 08:00:00+00:00,2.54587,2.6666,2.453,2.63177,17165089.0
2025-10-05 09:00:00+00:00,2.63221,2.63324,2.333,2.39758,21879255.0
2025-10-05 10:00:00+00:00,2.39759,2.598,2.3727,2.49958,18781664.0
2025-10-05 11:00:00+00:00,2.49958,2.63052,2.45057,2.58487,16385639.0
2025-10-05 12:00:00+00:00,2.58478,2.81,2.53565,2.60351,31424271.0
2025-10-05 13:00:00+00:00,2.60422,2.7283,2.58519,2.70779,17553620.0
2025-10-05 14:00:00+00:00,2.70798,2.77626,2.45644,2.47716,23107935.0
2025-10-05 15:00:00+00:00,2.47813,2.55746,2.41,2.52872,20719581.0
2025-10-05 16:00:00+00:00,2.52872,2.54926,2.375,2.47359,17852205.0
2025-10-05 17:00:00+00:00,2.47404,2.47686,2.22817,2.45026,25018285.0
2025-10-05 18:00:00+00:00,2.45056,2.63395,2.44649,2.5384,17796532.0
2025-10-05 19:00:00+00:00,2.53881,2.6279,2.47332,2.6087,11854643.0
2025-10-05 20:00:00+00:00,2.60892,2.61099,2.50001,2.50475,8252515.0
2025-10-05 21:00:00+00:00,2.50499,2.564,2.43,2.48217,7134912.0
2025-10-05 22:00:00+00:00,2.48211,2.5112,2.43605,2.44745,5123712.0
2025-10-05 23:00:00+00:00,2.44745,2.45746,2.36289,2.39156,6532012.0
2025-10-06 00:00:00+00:00,2.39056,2.41123,2.23526,2.24684,12355264.0
2025-10-06 01:00:00+00:00,2.24684,2.3079,2.14693,2.18507,17921132.0
2025-10-06 02:00:00+00:00,2.18521,2.295,2.13245,2.1982,11946772.0
2025-10-06 03:00:00+00:00,2.19843,2.32597,2.15202,2.26968,11683780.0
2025-10-06 04:00:00+00:00,2.26992,2.29757,2.15787,2.17668,11609607.0
2025-10-06 05:00:00+00:00,2.17643,2.45549,2.17642,2.40715,15277423.0
2025-10-06 06:00:00+00:00,2.40756,2.5,2.38,2.46184,10011826.0
2025-10-06 07:00:00+00:00,2.46178,2.55402,2.394,2.40986,12477814.0
2025-10-06 08:00:00+00:00,2.40987,2.57496,2.30801,2.51876,14867385.0
2025-10-06 09:00:00+00:00,2.51875,2.52935,2.361,2.44519,9029358.0
2025-10-06 10:00:00+00:00,2.44519,2.50339,2.33508,2.49628,8699150.0
2025-10-06 11:00:00+00:00,2.49535,2.54943,2.41713,2.51056,7542813.0
2025-10-06 12:00:00+00:00,2.5105,2.81075,2.4865,2.65442,17388209.0
2025-10-06 13:00:00+00:00,2.65441,2.65482,2.36559,2.40448,13977857.0
2025-10-06 14:00:00+00:00,2.40488,2.46989,2.355,2.41265,8846919.0
2025-10-06 15:00:00+00:00,2.41264,2.45604,2.37052,2.40238,7140761.0
2025-10-06 16:00:00+00:00,2.40278,2.55293,2.36209,2.52698,8442453.0
2025-10-06 17:00:00+00:00,2.52697,2.765,2.52054,2.73766,11226671.0
2025-10-06 18:00:00+00:00,2.7377,3.01345,2.72664,2.97981,23184856.0
2025-10-06 19:00:00+00:00,2.97999,3.555,2.95657,3.44505,38015402.0
2025-10-06 20:00:00+00:00,3.44504,3.68,3.32529,3.38955,20783558.0
2025-10-06 21:00:00+00:00,3.39033,3.87763,3.30286,3.3597,17937778.0
2025-10-06 22:00:00+00:00,3.35977,3.37,2.34,2.51121,43903594.0
2025-10-06 23:00:00+00:00,2.51137,2.5515,2.35303,2.52148,16602032.0
2025-10-07 00:00:00+00:00,2.5219,2.62128,2.37562,2.58084,11261693.0
2025-10-07 01:00:00+00:00,2.58085,2.6354,2.52837,2.54581,6440773.0
2025-10-07 02:00:00+00:00,2.54583,2.54583,2.42058,2.45978,5259940.0
2025-10-07 03:00:00+00:00,2.46005,2.48077,2.37443,2.4121,4123911.0
2025-10-07 04:00:00+00:00,2.41217,2.44738,2.31032,2.3506,5523876.0
2025-10-07 05:00:00+00:00,2.35103,2.44248,2.3,2.39476,6564632.0
2025-10-07 06:00:00+00:00,2.39477,2.47,2.35365,2.38681,5157407.0
2025-10-07 07:00:00+00:00,2.38684,2.468,2.34176,2.43251,4894231.0
2025-10-07 08:00:00+00:00,2.43226,2.46641,2.3527,2.36121,8919664.0
2025-10-07 09:00:00+00:00,2.36228,2.39053,2.26567,2.35586,8399370.0
2025-10-07 10:00:00+00:00,2.35509,2.4444,2.338,2.42425,7254758.0
2025-10-07 11:00:00+00:00,2.42425,2.54512,2.39221,2.45356,7746378.0
2025-10-07 12:00:00+00:00,2.45429,2.50666,2.41318,2.43059,5320894.0
2025-10-07 13:00:00+00:00,2.43066,2.47019,2.36219,2.37535,5204715.0
2025-10-07 14:00:00+00:00,2.3759,2.59661,2.36025,2.39499,10670510.0
2025-10-07 15:00:00+00:00,2.39505,2.54997,2.39091,2.51996,9304373.0
2025-10-07 16:00:00+00:00,2.52093,2.58751,2.41,2.51482,8776164.0
2025-10-07 17:00:00+00:00,2.51485,2.625,2.48809,2.55207,5675176.0
2025-10-07 18:00:00+00:00,2.55281,2.74998,2.55281,2.67746,9833029.0
2025-10-07 19:00:00+00:00,2.67744,2.74665,2.51879,2.57559,8004034.0
2025-10-07 20:00:00+00:00,2.57582,2.71759,2.51563,2.65,5847810.0
2025-10-07 21:00:00+00:00,2.65122,2.72997,2.58076,2.7019,4889194.0
2025-10-07 22:00:00+00:00,2.70229,2.7705,2.57993,2.75697,5347336.0
2025-10-07 23:00:00+00:00,2.75692,2.86164,2.63764,2.6526,9158011.0
2025-10-08 00:00:00+00:00,2.65247,2.74873,2.61381,2.68376,6666782.0
2025-10-08 01:00:00+00:00,2.68343,2.72969,2.61721,2.66203,4568540.0
2025-10-08 02:00:00+00:00,2.662,2.85999,2.55167,2.82024,7473447.0
2025-10-08 03:00:00+00:00,2.82118,2.99739,2.75378,2.97255,10608337.0
2025-10-08 04:00:00+00:00,2.97256,3.31868,2.88822,3.17426,15134772.0
2025-10-08 05:00:00+00:00,3.1755,3.31,3.01174,3.04104,11424424.0
2025-10-08 06:00:00+00:00,3.04103,3.18402,3.0297,3.1235,6851599.0
2025-10-08 07:00:00+00:00,3.12312,3.2243,3.03,3.1819,4349985.0
2025-10-08 08:00:00+00:00,3.1823,3.32653,3.1357,3.2957,6100481.0
2025-10-08 09:00:00+00:00,3.2945,3.33,2.9134,2.9921,9204704.0
2025-10-08 10:00:00+00:00,2.9914,3.08,2.90748,2.9349,5205044.0
2025-10-08 11:00:00+00:00,2.9349,3.1092,2.913,2.9554,4668051.0
2025-10-08 12:00:00+00:00,2.9555,2.9889,2.795,2.9161,5419516.0
2025-10-08 13:00:00+00:00,2.915,3.0708,2.8778,3.0422,6285069.0
2025-10-08 14:00:00+00:00,3.0411,3.0996,2.95,2.9656,5359663.0
2025-10-08 15:00:00+00:00,2.9657,3.1434,2.9615,3.1084,4253954.0
2025-10-08 16:00:00+00:00,3.1099,3.4479,3.1054,3.4101,11548104.0
2025-10-08 17:00:00+00:00,3.4102,3.7637,3.3473,3.6973,15899924.0
2025-10-08 18:00:00+00:00,3.6974,3.8189,2.9415,3.0346,21911165.0
2025-10-08 19:00:00+00:00,3.0345,3.0726,2.60937,2.7163,15342831.0
2025-10-08 20:00:00+00:00,2.7172,3.0174,2.6202,2.9123,13536509.0
2025-10-08 21:00:00+00:00,2.9125,2.946,2.78,2.8275,4386221.0
2025-10-08 22:00:00+00:00,2.8275,2.8598,2.7105,2.7873,3617731.0
2025-10-08 23:00:00+00:00,2.7867,2.8657,2.7612,2.7709,3188078.0
2025-10-09 00:00:00+00:00,2.77083,2.8447,2.6716,2.7202,3124290.0
2025-10-09 01:00:00+00:00,2.7202,2.8922,2.7125,2.742,3875234.0
2025-10-09 02:00:00+00:00,2.742,2.7709,2.602,2.658,4747439.0
2025-10-09 03:00:00+00:00,2.659,2.6627,2.5684,2.5785,3067713.0
2025-10-09 04:00:00+00:00,2.5788,2.58902,2.3101,2.4242,10321187.0
2025-10-09 05:00:00+00:00,2.4246,2.48601,2.3153,2.3807,5471568.0
2025-10-09 06:00:00+00:00,2.3806,2.4476,2.308,2.322,5903157.0
2025-10-09 07:00:00+00:00,2.3236,2.5269,2.3019,2.3885,10362162.0
2025-10-09 08:00:00+00:00,2.3879,2.3906,1.58,1.615,47221535.0
2025-10-09 09:00:00+00:00,1.6159,1.666,1.3733,1.5523,51749884.0
2025-10-09 10:00:00+00:00,1.5523,1.6287,1.4925,1.5399,16298667.0
2025-10-09 11:00:00+00:00,1.5396,1.5867,1.503,1.5537,9740923.0
2025-10-09 12:00:00+00:00,1.5539,1.5967,1.4587,1.5215,13964017.0
2025-10-09 13:00:00+00:00,1.5218,1.5449,1.4813,1.4876,8065564.0
2025-10-09 14:00:00+00:00,1.4876,1.4995,1.3557,1.4044,12612016.0
2025-10-09 15:00:00+00:00,1.4045,1.4797,1.311,1.3363,13327032.0
2025-10-09 16:00:00+00:00,1.3362,1.5198,1.3348,1.479,15524790.0
2025-10-09 17:00:00+00:00,1.4783,1.4999,1.3978,1.42,8525164.0
2025-10-09 18:00:00+00:00,1.4202,1.4637,1.4078,1.426,4666506.0
2025-10-09 19:00:00+00:00,1.4261,1.4749,1.4092,1.4444,4975885.0
2025-10-09 20:00:00+00:00,1.4447,1.459,1.312,1.3766,8304672.0
2025-10-09 21:00:00+00:00,1.3766,1.3767,1.275,1.2962,7448307.0
2025-10-09 22:00:00+00:00,1.2963,1.3265,1.2761,1.3089,5649205.0
2025-10-09 23:00:00+00:00,1.3089,1.3168,1.2673,1.2974,5800756.0
2025-10-10 00:00:00+00:00,1.297,1.312,1.2326,1.2611,7856052.0
2025-10-10 01:00:00+00:00,1.2614,1.2777,1.1961,1.2099,7333591.0
2025-10-10 02:00:00+00:00,1.2092,1.2177,1.133,1.1789,10918185.0
2025-10-10 03:00:00+00:00,1.1788,1.2789,1.13,1.1774,16500868.0
2025-10-10 04:00:00+00:00,1.1769,1.2054,1.151,1.1669,7160893.0
2025-10-10 05:00:00+00:00,1.1671,1.1675,1.0927,1.1095,10499494.0
2025-10-10 06:00:00+00:00,1.1095,1.1208,1.0158,1.0169,12649225.0
2025-10-10 07:00:00+00:00,1.0166,1.038,0.974,0.9863,20193824.0
2025-10-10 08:00:00+00:00,0.9864,1.0838,0.977,0.9826,20357040.0
2025-10-10 09:00:00+00:00,0.9826,1.0011,0.9314,0.9689,21755050.0
2025-10-10 10:00:00+00:00,0.9689,0.985,0.95,0.9624,7798801.0
2025-10-10 11:00:00+00:00,0.9617,0.9639,0.907,0.922,13522366.0
2025-10-10 12:00:00+00:00,0.9217,0.9225,0.8433,0.8447,22233387.0
2025-10-10 13:00:00+00:00,0.8446,1.0317,0.8204,0.9685,52544040.0
2025-10-10 14:00:00+00:00,0.9686,0.9876,0.8848,0.9183,22233819.0
2025-10-10 15:00:00+00:00,0.9185,0.9818,0.9115,0.9607,19166809.0
2025-10-10 16:00:00+00:00,0.9608,0.9886,0.9421,0.9686,10762021.0
2025-10-10 17:00:00+00:00,0.9688,1.0734,0.9582,1.0637,15201253.0
2025-10-10 18:00:00+00:00,1.0636,1.146,1.006,1.0252,21290834.0
2025-10-10 19:00:00+00:00,1.0251,1.0659,1.0026,1.0223,8888625.0
2025-10-10 20:00:00+00:00,1.0225,1.048,0.85,0.8827,15277211.0
2025-10-10 21:00:00+00:00,0.8848,0.9299,0.1613,0.7025,44296876.0
2025-10-10 22:00:00+00:00,0.7048,0.738,0.6,0.7311,19994940.0
2025-10-10 23:00:00+00:00,0.7307,0.796,0.6726,0.6997,12083063.0
2025-10-11 00:00:00+00:00,0.7002,0.79,0.689,0.7482,9821574.0
2025-10-11 01:00:00+00:00,0.7479,0.7799,0.7103,0.7163,6576081.0
2025-10-11 02:00:00+00:00,0.7164,0.8083,0.7161,0.7972,8344409.0
2025-10-11 03:00:00+00:00,0.7972,0.8159,0.7539,0.7787,7814922.0
2025-10-11 04:00:00+00:00,0.779,0.8483,0.7625,0.8343,6389087.0
2025-10-11 05:00:00+00:00,0.8346,0.8493,0.7863,0.8038,7026697.0
2025-10-11 06:00:00+00:00,0.8037,0.807,0.7703,0.7743,5121920.0
2025-10-11 07:00:00+00:00,0.7748,0.808,0.7601,0.7831,5640720.0
2025-10-11 08:00:00+00:00,0.7832,0.7904,0.7635,0.784,4184108.0
2025-10-11 09:00:00+00:00,0.7844,0.7864,0.75,0.7537,4393308.0
2025-10-11 10:00:00+00:00,0.7537,0.7979,0.7491,0.7612,5657524.0
2025-10-11 11:00:00+00:00,0.7613,0.7697,0.735,0.7403,5314108.0
2025-10-11 12:00:00+00:00,0.7399,0.7565,0.7261,0.7509,4994275.0
2025-10-11 13:00:00+00:00,0.7511,0.7718,0.7369,0.7581,5354692.0
2025-10-11 14:00:00+00:00,0.7582,0.764,0.6996,0.7115,6406716.0
2025-10-11 15:00:00+00:00,0.711,0.7242,0.7015,0.7153,4535390.0
2025-10-11 16:00:00+00:00,0.7154,0.7665,0.7131,0.7553,7534628.0
2025-10-11 17:00:00+00:00,0.7555,0.7969,0.7427,0.7799,4863319.0
2025-10-11 18:00:00+00:00,0.7799,0.9598,0.7798,0.9379,17340917.0
2025-10-11 19:00:00+00:00,0.9379,0.9673,0.8937,0.9291,12441771.0
2025-10-11 20:00:00+00:00,0.9288,0.99,0.8782,0.9559,14604444.0
2025-10-11 21:00:00+00:00,0.9561,1.0499,0.9421,1.0417,12165647.0
2025-10-11 22:00:00+00:00,1.0424,1.1759,1.0121,1.1232,18122947.0
2025-10-11 23:00:00+00:00,1.1232,1.1922,0.7348,1.0223,32755145.0
2025-10-12 00:00:00+00:00,1.0221,1.141,0.9671,1.0988,16802964.0
2025-10-12 01:00:00+00:00,1.0981,1.262,0.9613,1.0861,22946186.0
2025-10-12 02:00:00+00:00,1.0861,1.1378,1.0342,1.0996,12734594.0
2025-10-12 03:00:00+00:00,1.0997,1.1877,1.0262,1.1758,12498172.0
2025-10-12 04:00:00+00:00,1.1757,1.415,1.1669,1.3453,29367284.0
2025-10-12 05:00:00+00:00,1.3454,1.5262,1.2372,1.3851,28204981.0
2025-10-12 06:00:00+00:00,1.3844,1.4687,1.3175,1.4541,20347782.0
2025-10-12 07:00:00+00:00,1.4541,1.5514,1.3767,1.4869,20449966.0
2025-10-12 08:00:00+00:00,1.4863,1.4879,1.344,1.3864,16880000.0
2025-10-12 09:00:00+00:00,1.3866,1.474,1.35,1.4319,18599657.0
2025-10-12 10:00:00+00:00,1.4319,1.4645,1.289,1.3502,20211083.0
2025-10-12 11:00:00+00:00,1.35,1.3919,1.3294,1.3466,9165047.0
2025-10-12 12:00:00+00:00,1.3465,1.4128,1.3028,1.3792,14700077.0
2025-10-12 13:00:00+00:00,1.3786,1.4,1.2214,1.2676,17897106.0
2025-10-12 14:00:00+00:00,1.2673,1.3456,1.201,1.3183,17259985.0
2025-10-12 15:00:00+00:00,1.3192,1.3628,1.2736,1.312,12339542.0
2025-10-12 16:00:00+00:00,1.3119,1.3377,1.2475,1.2547,11063473.0
2025-10-12 17:00:00+00:00,1.2545,1.2624,1.2117,1.2451,10226458.0
2025-10-12 18:00:00+00:00,1.2452,1.2717,1.213,1.2476,7308574.0
2025-10-12 19:00:00+00:00,1.2474,1.3355,1.2401,1.3157,8657007.0
2025-10-12 20:00:00+00:00,1.3156,1.392,1.281,1.3341,9850439.0
2025-10-12 21:00:00+00:00,1.3341,1.4858,1.254,1.4026,12633326.0
2025-10-12 22:00:00+00:00,1.4026,1.4533,1.3379,1.3817,7401143.0
2025-10-12 23:00:00+00:00,1.3819,1.393,1.3014,1.333,6102468.0
2025-10-13 00:00:00+00:00,1.3326,1.3341,1.2394,1.2812,8046215.0
2025-10-13 01:00:00+00:00,1.2812,1.3337,1.2525,1.3273,5185560.0
2025-10-13 02:00:00+00:00,1.3273,1.4395,1.304,1.4385,6094470.0
2025-10-13 03:00:00+00:00,1.4384,1.4496,1.2854,1.2866,8857706.0
2025-10-13 04:00:00+00:00,1.2868,1.3071,1.1256,1.1462,16385334.0
2025-10-13 05:00:00+00:00,1.1459,1.1664,1.1258,1.1527,6945889.0
2025-10-13 06:00:00+00:00,1.1526,1.1597,1.125,1.1507,6123475.0
2025-10-13 07:00:00+00:00,1.1504,1.2011,1.1226,1.1686,6476276.0
2025-10-13 08:00:00+00:00,1.1681,1.2031,1.1501,1.1854,4777516.0
2025-10-13 09:00:00+00:00,1.1853,1.1965,1.1606,1.1707,3632969.0
2025-10-13 10:00:00+00:00,1.1708,1.1745,1.1313,1.1459,5420390.0
2025-10-13 11:00:00+00:00,1.146,1.1866,1.1307,1.1631,7106369.0
2025-10-13 12:00:00+00:00,1.1631,1.1758,1.0062,1.0932,12006116.0
2025-10-13 13:00:00+00:00,1.093,1.2359,1.0785,1.2219,10757119.0
2025-10-13 14:00:00+00:00,1.2219,1.2302,1.1548,1.1628,7131006.0
2025-10-13 15:00:00+00:00,1.1635,1.203,1.1548,1.1684,4457414.0
2025-10-13 16:00:00+00:00,1.1685,1.1819,1.1179,1.1266,4828422.0
2025-10-13 17:00:00+00:00,1.1263,1.1737,1.111,1.1712,4329724.0
2025-10-13 18:00:00+00:00,1.172,1.1764,1.1101,1.1158,3809849.0
2025-10-13 19:00:00+00:00,1.1155,1.1424,1.1001,1.1343,3638824.0
2025-10-13 20:00:00+00:00,1.1352,1.1376,1.1041,1.1151,2159621.0
2025-10-13 21:00:00+00:00,1.1151,1.1341,1.0907,1.1167,3148090.0
2025-10-13 22:00:00+00:00,1.116,1.1237,1.0695,1.0853,3591370.0
2025-10-13 23:00:00+00:00,1.0842,1.1303,1.0729,1.1184,3580343.0
2025-10-14 00:00:00+00:00,1.1185,1.1491,1.1101,1.1228,3218139.0
2025-10-14 01:00:00+00:00,1.1226,1.1412,1.109,1.1284,2412052.0
2025-10-14 02:00:00+00:00,1.1281,1.1813,1.1223,1.137,3291966.0
2025-10-14 03:00:00+00:00,1.1372,1.1658,1.1005,1.1362,5135359.0
2025-10-14 04:00:00+00:00,1.1359,1.1456,1.0868,1.0968,4656171.0
2025-10-14 05:00:00+00:00,1.0966,1.0993,1.0511,1.0776,5994416.0
2025-10-14 06:00:00+00:00,1.0774,1.1267,1.0753,1.1161,5401556.0
2025-10-14 07:00:00+00:00,1.1168,1.1373,1.1117,1.13,3511329.0
2025-10-14 08:00:00+00:00,1.1298,1.1395,1.0867,1.0942,3392963.0
2025-10-14 09:00:00+00:00,1.0944,1.1268,1.0944,1.1234,2527797.0
2025-10-14 10:00:00+00:00,1.1235,1.1309,1.0898,1.1173,3309237.0
2025-10-14 11:00:00+00:00,1.1173,1.1935,1.1092,1.1896,4559648.0
2025-10-14 12:00:00+00:00,1.1896,1.211,1.1125,1.1238,8693938.0
2025-10-14 13:00:00+00:00,1.1237,1.1299,1.0854,1.0938,6413229.0
2025-10-14 14:00:00+00:00,1.0937,1.1298,1.0784,1.0827,5561018.0
2025-10-14 15:00:00+00:00,1.0826,1.1175,1.0564,1.1166,5450459.0
2025-10-14 16:00:00+00:00,1.1168,1.1569,1.1016,1.1131,6443477.0
2025-10-14 17:00:00+00:00,1.113,1.1635,1.1127,1.1367,3759145.0
2025-10-14 18:00:00+00:00,1.1372,1.1725,1.1171,1.155,3568736.0
2025-10-14 19:00:00+00:00,1.1551,1.1797,1.1288,1.1307,3495753.0
2025-10-14 20:00:00+00:00,1.1306,1.1897,1.1215,1.1842,2748476.0
2025-10-14 21:00:00+00:00,1.1841,1.2071,1.1408,1.1586,3125370.0
2025-10-14 22:00:00+00:00,1.1584,1.2066,1.1522,1.2023,2988995.0
2025-10-14 23:00:00+00:00,1.2023,1.23,1.1821,1.2217,3174534.0
2025-10-15 00:00:00+00:00,1.2218,1.295,1.2001,1.2856,6334813.0
2025-10-15 01:00:00+00:00,1.285,1.475,1.2579,1.4026,14626864.0
2025-10-15 02:00:00+00:00,1.4024,1.4467,1.2844,1.2927,9349389.0
2025-10-15 03:00:00+00:00,1.2928,1.3158,1.1675,1.1891,10087939.0
2025-10-15 04:00:00+00:00,1.1893,1.2016,1.085,1.1079,8702774.0
2025-10-15 05:00:00+00:00,1.108,1.1244,1.0911,1.098,3582757.0
2025-10-15 06:00:00+00:00,1.0978,1.1036,1.0356,1.0835,7202266.0
2025-10-15 07:00:00+00:00,1.0834,1.1347,1.0661,1.1297,3521845.0
2025-10-15 08:00:00+00:00,1.1293,1.1507,1.103,1.1134,5190043.0
2025-10-15 09:00:00+00:00,1.1134,1.1191,1.0876,1.1084,3332404.0
2025-10-15 10:00:00+00:00,1.1085,1.1126,1.0837,1.1016,2322258.0
2025-10-15 11:00:00+00:00,1.1016,1.1017,1.0732,1.0783,2316241.0
2025-10-15 12:00:00+00:00,1.0781,1.0866,1.0688,1.0786,2053384.0
2025-10-15 13:00:00+00:00,1.0785,1.1111,1.0651,1.0976,3622743.0
2025-10-15 14:00:00+00:00,1.0979,1.1218,1.069,1.0816,3657015.0
2025-10-15 15:00:00+00:00,1.0815,1.0949,1.0759,1.0911,2325576.0
2025-10-15 16:00:00+00:00,1.0914,1.12,1.0853,1.1084,3009330.0
2025-10-15 17:00:00+00:00,1.1085,1.1216,1.089,1.0981,2930553.0
2025-10-15 18:00:00+00:00,1.0981,1.1036,1.0728,1.0779,1890813.0
2025-10-15 19:00:00+00:00,1.078,1.0812,0.9396,0.9761,8762812.0
2025-10-15 20:00:00+00:00,0.9762,1.043,0.9733,1.041,6006956.0
2025-10-15 21:00:00+00:00,1.0411,1.0619,1.002,1.0169,3339303.0
2025-10-15 22:00:00+00:00,1.0168,1.0364,0.9935,0.9982,2906722.0
2025-10-15 23:00:00+00:00,0.9981,1.0267,0.9943,1.0135,1774647.0
2025-10-16 00:00:00+00:00,1.0134,1.0367,1.0056,1.0192,2498000.0
2025-10-16 01:00:00+00:00,1.0189,1.0401,1.0189,1.0296,1804774.0
2025-10-16 02:00:00+00:00,1.0293,1.0387,1.025,1.0331,1467364.0
2025-10-16 03:00:00+00:00,1.0332,1.0524,1.0271,1.0323,1895084.0
2025-10-16 04:00:00+00:00,1.0323,1.0456,1.0141,1.016,2052073.0
2025-10-16 05:00:00+00:00,1.0161,1.0351,1.0033,1.0258,2227578.0
2025-10-16 06:00:00+00:00,1.0257,1.0478,1.0148,1.0361,1632915.0
2025-10-16 07:00:00+00:00,1.036,1.0526,1.015,1.0386,1991374.0
2025-10-16 08:00:00+00:00,1.0387,1.0479,1.0025,1.0085,2289686.0
2025-10-16 09:00:00+00:00,1.0084,1.0346,0.9552,0.9775,7085470.0
2025-10-16 10:00:00+00:00,0.9767,0.9991,0.9559,0.9799,5488008.0
2025-10-16 11:00:00+00:00,0.9797,0.9996,0.9644,0.9874,3340984.0
2025-10-16 12:00:00+00:00,0.9871,1.02,0.9834,0.9845,3568439.0
2025-10-16 13:00:00+00:00,0.9848,0.9946,0.9501,0.962,4682246.0
2025-10-16 14:00:00+00:00,0.9619,0.9769,0.94,0.9446,5084355.0
2025-10-16 15:00:00+00:00,0.9445,0.9452,0.9087,0.922,6008043.0
2025-10-16 16:00:00+00:00,0.9218,0.9694,0.9124,0.9584,5936737.0
2025-10-16 17:00:00+00:00,0.9587,0.964,0.9254,0.9268,3107654.0
2025-10-16 18:00:00+00:00,0.9269,0.9375,0.9235,0.9272,1944849.0
2025-10-16 19:00:00+00:00,0.9272,0.9299,0.9107,0.9232,1892288.0
2025-10-16 20:00:00+00:00,0.9229,0.9314,0.902,0.9092,1827218.0
2025-10-16 21:00:00+00:00,0.909,0.9131,0.8753,0.8799,2583760.0
2025-10-16 22:00:00+00:00,0.8797,0.8819,0.8627,0.87,2218096.0
2025-10-16 23:00:00+00:00,0.87,0.924,0.8686,0.9118,3109675.0
2025-10-17 00:00:00+00:00,0.9117,0.938,0.9112,0.9266,1880457.0
2025-10-17 01:00:00+00:00,0.9266,0.9557,0.9257,0.9368,2372520.0
2025-10-17 02:00:00+00:00,0.9368,0.953,0.932,0.9473,1477511.0
2025-10-17 03:00:00+00:00,0.9474,0.9591,0.9414,0.9558,1563895.0
2025-10-17 04:00:00+00:00,0.9558,0.97,0.9429,0.9665,1701962.0
2025-10-17 05:00:00+00:00,0.9664,0.9808,0.9584,0.9741,1986579.0
2025-10-17 06:00:00+00:00,0.9743,0.9841,0.9429,0.9533,5012753.0
2025-10-17 07:00:00+00:00,0.9533,1.0257,0.9318,0.9961,11777547.0
2025-10-17 08:00:00+00:00,0.9961,1.014,0.9715,0.9744,8439136.0
2025-10-17 09:00:00+00:00,0.9744,1.0006,0.9558,0.9879,3979624.0
2025-10-17 10:00:00+00:00,0.9878,1.0096,0.9721,0.9886,3837542.0
2025-10-17 11:00:00+00:00,0.9887,1.0323,0.9833,1.0001,5128023.0
2025-10-17 12:00:00+00:00,1.0,1.0031,0.9494,0.9517,3605351.0
2025-10-17 13:00:00+00:00,0.9522,1.0322,0.9463,1.032,5462409.0
2025-10-17 14:00:00+00:00,1.0321,1.1698,1.0239,1.1532,11600559.0
2025-10-17 15:00:00+00:00,1.1528,1.1735,1.04,1.087,13193556.0
2025-10-17 16:00:00+00:00,1.0866,1.1669,1.0836,1.1525,8203058.0
2025-10-17 17:00:00+00:00,1.1525,1.2331,0.9734,0.982,19464266.0
2025-10-17 18:00:00+00:00,0.9818,1.0073,0.9505,0.9679,6608996.0
2025-10-17 19:00:00+00:00,0.9681,0.9766,0.8951,0.9383,5690827.0
2025-10-17 20:00:00+00:00,0.9382,0.9484,0.9217,0.9439,2408656.0
2025-10-17 21:00:00+00:00,0.944,0.9948,0.931,0.9884,2448610.0
2025-10-17 22:00:00+00:00,0.9882,1.0193,0.9777,1.0175,3362342.0
2025-10-17 23:00:00+00:00,1.0173,1.0309,0.9916,1.0136,2843751.0
2025-10-18 00:00:00+00:00,1.0138,1.0184,0.9661,0.9692,2569861.0
2025-10-18 01:00:00+00:00,0.9693,0.9965,0.9632,0.9963,2106150.0
2025-10-18 02:00:00+00:00,0.9961,0.9994,0.9609,0.9691,1725432.0
2025-10-18 03:00:00+00:00,0.9692,0.9905,0.9526,0.9583,1802056.0
2025-10-18 04:00:00+00:00,0.9582,0.9583,0.9317,0.9541,2321274.0
2025-10-18 05:00:00+00:00,0.954,0.9799,0.952,0.9687,1819524.0
2025-10-18 06:00:00+00:00,0.9692,0.9696,0.9422,0.9469,1560440.0
2025-10-18 07:00:00+00:00,0.9469,0.9703,0.9125,0.9145,3325057.0
2025-10-18 08:00:00+00:00,0.9145,0.9665,0.9142,0.9561,3207965.0
2025-10-18 09:00:00+00:00,0.9561,0.9597,0.913,0.9235,2933516.0
2025-10-18 10:00:00+00:00,0.9236,0.9382,0.8989,0.901,3005487.0
2025-10-18 11:00:00+00:00,0.901,0.9202,0.8972,0.9047,2266041.0
2025-10-18 12:00:00+00:00,0.9048,0.9075,0.8616,0.8841,3652256.0
2025-10-18 13:00:00+00:00,0.8843,0.8998,0.8315,0.8547,6520619.0
2025-10-18 14:00:00+00:00,0.8548,0.8787,0.8444,0.8775,3520484.0
2025-10-18 15:00:00+00:00,0.8771,0.9035,0.8584,0.862,3645264.0
2025-10-18 16:00:00+00:00,0.8623,0.8675,0.8352,0.8432,2751473.0
2025-10-18 17:00:00+00:00,0.8432,0.8919,0.8377,0.8819,3211934.0
2025-10-18 18:00:00+00:00,0.8819,0.9213,0.8633,0.9187,2732248.0
2025-10-18 19:00:00+00:00,0.9192,0.9277,0.9027,0.9246,3094841.0
2025-10-18 20:00:00+00:00,0.9247,0.9396,0.9145,0.9335,2218107.0
2025-10-18 21:00:00+00:00,0.9338,0.9875,0.9335,0.9654,2377967.0
2025-10-18 22:00:00+00:00,0.9655,1.0057,0.9502,1.0006,3716710.0
2025-10-18 23:00:00+00:00,1.0005,1.0076,0.9711,0.9887,2737715.0
2025-10-19 00:00:00+00:00,0.9886,1.0118,0.9782,1.009,1988385.0
2025-10-19 01:00:00+00:00,1.0088,1.0539,0.9972,1.0361,3729131.0
2025-10-19 02:00:00+00:00,1.0365,1.0365,0.958,0.988,4250748.0
2025-10-19 03:00:00+00:00,0.9881,1.0478,0.9873,1.0322,3282431.0
2025-10-19 04:00:00+00:00,1.0324,1.0523,1.0129,1.0232,2851765.0
2025-10-19 05:00:00+00:00,1.0232,1.0319,1.014,1.0256,1807028.0
2025-10-19 06:00:00+00:00,1.0257,1.0399,1.0155,1.0208,2795526.0
2025-10-19 07:00:00+00:00,1.0213,1.0481,1.0055,1.0435,3215735.0
2025-10-19 08:00:00+00:00,1.0435,1.0697,1.0107,1.0143,5842046.0
2025-10-19 09:00:00+00:00,1.0142,1.0413,0.9765,1.0265,5406763.0
2025-10-19 10:00:00+00:00,1.0262,1.0262,0.9929,0.9952,3299222.0
2025-10-19 11:00:00+00:00,0.9951,1.0096,0.9754,0.983,2896791.0
2025-10-19 12:00:00+00:00,0.983,1.0244,0.9774,0.9823,4572415.0
2025-10-19 13:00:00+00:00,0.9823,0.9832,0.952,0.9588,4160583.0
2025-10-19 14:00:00+00:00,0.9587,0.9772,0.9413,0.9528,3562099.0
2025-10-19 15:00:00+00:00,0.9525,0.9721,0.9423,0.9596,2258270.0
2025-10-19 16:00:00+00:00,0.9596,0.9946,0.9547,0.9559,3389566.0
2025-10-19 17:00:00+00:00,0.9561,0.9764,0.9507,0.958,2076962.0
2025-10-19 18:00:00+00:00,0.958,0.9924,0.9558,0.9849,2446149.0
2025-10-19 19:00:00+00:00,0.9851,1.0085,0.9743,1.0038,2202097.0
2025-10-19 20:00:00+00:00,1.0036,1.0268,0.998,1.0021,1930190.0
2025-10-19 21:00:00+00:00,1.0021,1.032,0.9908,1.0149,2046233.0
2025-10-19 22:00:00+00:00,1.0149,1.0493,1.0065,1.0267,1895002.0
2025-10-19 23:00:00+00:00,1.0268,1.0537,1.0221,1.0394,1661435.0
2025-10-20 00:00:00+00:00,1.0393,1.0435,1.0152,1.0256,2444891.0
2025-10-20 01:00:00+00:00,1.0252,1.0549,1.0249,1.0385,1958581.0
2025-10-20 02:00:00+00:00,1.0383,1.0555,1.0289,1.0434,1687833.0
2025-10-20 03:00:00+00:00,1.0433,1.1532,1.0344,1.1512,3378032.0
2025-10-20 04:00:00+00:00,1.1518,1.2005,1.0881,1.0998,7215512.0
2025-10-20 05:00:00+00:00,1.0997,1.1079,1.0173,1.0228,4411948.0
2025-10-20 06:00:00+00:00,1.0224,1.0825,1.0222,1.0761,4247735.0
2025-10-20 07:00:00+00:00,1.0759,1.0964,1.0503,1.0948,2301976.0
2025-10-20 08:00:00+00:00,1.0948,1.1192,1.0666,1.117,3009552.0
2025-10-20 09:00:00+00:00,1.1169,1.1811,1.1132,1.178,3471689.0
2025-10-20 10:00:00+00:00,1.178,1.2592,1.1386,1.2417,8945343.0
2025-10-20 11:00:00+00:00,1.2415,1.4112,1.24,1.3988,15982427.0
2025-10-20 12:00:00+00:00,1.3988,1.4444,1.03,1.0879,34545606.0
2025-10-20 13:00:00+00:00,1.0878,1.2549,1.0741,1.244,14204701.0
2025-10-20 14:00:00+00:00,1.2441,1.3091,1.1321,1.2478,23907918.0
2025-10-20 15:00:00+00:00,1.248,1.345,1.2239,1.2542,19619939.0
2025-10-20 16:00:00+00:00,1.2545,1.3111,1.2346,1.2903,12232034.0
2025-10-20 17:00:00+00:00,1.2902,1.3386,1.2635,1.3159,7933672.0
2025-10-20 18:00:00+00:00,1.316,1.344,1.2923,1.3263,6818329.0
2025-10-20 19:00:00+00:00,1.326,1.3541,1.2623,1.3123,11024306.0
2025-10-20 20:00:00+00:00,1.3119,1.3243,1.24,1.2979,9442032.0
2025-10-20 21:00:00+00:00,1.2977,1.2992,1.2652,1.2774,2768603.0
2025-10-20 22:00:00+00:00,1.2773,1.2874,1.2526,1.2572,2873805.0
2025-10-20 23:00:00+00:00,1.2574,1.2824,1.2322,1.2623,2804170.0
2025-10-21 00:00:00+00:00,1.2623,1.2629,1.2179,1.2359,2983394.0
2025-10-21 01:00:00+00:00,1.236,1.2863,1.2221,1.2722,2845955.0
2025-10-21 02:00:00+00:00,1.2723,1.2727,1.1817,1.1837,4165458.0
2025-10-21 03:00:00+00:00,1.1839,1.1874,1.1593,1.1801,3037156.0
2025-10-21 04:00:00+00:00,1.1803,1.1815,1.1259,1.1698,4862249.0
2025-10-21 05:00:00+00:00,1.1698,1.2144,1.1535,1.1568,5187168.0
2025-10-21 06:00:00+00:00,1.1567,1.2494,1.1559,1.2361,5217423.0
2025-10-21 07:00:00+00:00,1.2359,1.2718,1.2036,1.2635,4686120.0
2025-10-21 08:00:00+00:00,1.264,1.3383,1.2395,1.3225,6753992.0
2025-10-21 09:00:00+00:00,1.3225,1.3288,1.2196,1.3032,7060560.0
2025-10-21 10:00:00+00:00,1.303,1.3692,1.2462,1.3261,7235661.0
2025-10-21 11:00:00+00:00,1.326,1.4014,1.2732,1.3858,6648767.0
2025-10-21 12:00:00+00:00,1.3858,1.458,1.3439,1.3633,10319221.0
2025-10-21 13:00:00+00:00,1.3636,1.4346,1.3579,1.434,6560611.0
2025-10-21 14:00:00+00:00,1.4333,1.5858,1.3948,1.5849,13906966.0
2025-10-21 15:00:00+00:00,1.585,1.9296,1.5507,1.8769,17763521.0
2025-10-21 16:00:00+00:00,1.8761,2.184,1.6609,2.1395,38873175.0
2025-10-21 17:00:00+00:00,2.1395,2.6391,2.1128,2.6127,46568488.0
2025-10-21 18:00:00+00:00,2.6128,2.7339,2.28,2.6201,51813894.0
2025-10-21 19:00:00+00:00,2.6198,3.66,2.6165,3.1994,65506066.0
2025-10-21 20:00:00+00:00,3.2005,3.5068,2.4201,2.6263,58513971.0
2025-10-21 21:00:00+00:00,2.6261,2.76,2.365,2.6644,23005185.0
2025-10-21 22:00:00+00:00,2.6642,2.6771,2.2671,2.3807,18487606.0
2025-10-21 23:00:00+00:00,2.3807,2.3992,1.7048,1.746,35614267.0
2025-10-22 00:00:00+00:00,1.7469,1.8159,1.4219,1.5175,50518674.0
2025-10-22 01:00:00+00:00,1.5184,1.5637,1.3757,1.4135,23321085.0
2025-10-22 02:00:00+00:00,1.4138,1.4264,1.283,1.2934,13686732.0
2025-10-22 03:00:00+00:00,1.2932,1.4336,1.2706,1.3762,14725510.0
2025-10-22 04:00:00+00:00,1.3763,1.3957,1.2824,1.307,11497598.0
2025-10-22 05:00:00+00:00,1.3067,1.3074,1.2021,1.2071,14053644.0
2025-10-22 06:00:00+00:00,1.2075,1.2199,1.1677,1.1966,11363708.0
2025-10-22 07:00:00+00:00,1.1967,1.294,1.1746,1.2823,12942236.0
2025-10-22 08:00:00+00:00,1.2822,1.3193,1.182,1.2401,10724348.0
2025-10-22 09:00:00+00:00,1.2401,1.3776,1.2373,1.3195,16983552.0
2025-10-22 10:00:00+00:00,1.3195,1.371,1.205,1.2872,20310158.0
2025-10-22 11:00:00+00:00,1.2873,1.2877,1.2133,1.2173,9046954.0
2025-10-22 12:00:00+00:00,1.2171,1.2318,1.161,1.1816,9641229.0
2025-10-22 13:00:00+00:00,1.1817,1.1926,1.141,1.189,12363568.0
2025-10-22 14:00:00+00:00,1.1894,1.1991,1.0831,1.1237,11212465.0
2025-10-22 15:00:00+00:00,1.1237,1.2533,1.078,1.249,15976226.0
2025-10-22 16:00:00+00:00,1.2491,1.316,1.2115,1.2511,16705689.0
2025-10-22 17:00:00+00:00,1.2513,1.2982,1.2469,1.2887,6530299.0
2025-10-22 18:00:00+00:00,1.2884,1.3806,1.28,1.3367,8942328.0
2025-10-22 19:00:00+00:00,1.3367,1.3889,1.3111,1.3845,8626229.0
2025-10-22 20:00:00+00:00,1.3844,1.667,1.3779,1.6414,24918796.0
2025-10-22 21:00:00+00:00,1.6409,1.6805,1.4043,1.5781,20682809.0
2025-10-22 22:00:00+00:00,1.5776,1.5935,1.3853,1.4371,13877887.0
2025-10-22 23:00:00+00:00,1.4371,1.4426,1.3,1.418,10341653.0
2025-10-23 00:00:00+00:00,1.4182,1.5402,1.4002,1.5182,8675177.0
2025-10-23 01:00:00+00:00,1.5177,1.5409,1.4708,1.5175,6008702.0
2025-10-23 02:00:00+00:00,1.5175,1.847,1.4852,1.7832,16153687.0
2025-10-23 03:00:00+00:00,1.7833,2.0492,1.7773,1.9686,25638525.0
2025-10-23 04:00:00+00:00,1.9685,2.1836,1.6709,1.8321,33114062.0
2025-10-23 05:00:00+00:00,1.8322,1.9799,1.7682,1.8434,17098515.0
2025-10-23 06:00:00+00:00,1.844,2.064,1.8186,1.9798,17581018.0
2025-10-23 07:00:00+00:00,1.9799,2.0263,1.5309,1.6223,27995756.0
2025-10-23 08:00:00+00:00,1.622,1.7325,1.3404,1.4062,36375205.0
2025-10-23 09:00:00+00:00,1.4059,1.4059,1.1997,1.2711,23408235.0
2025-10-23 10:00:00+00:00,1.2711,1.3348,1.1904,1.3182,15203283.0
2025-10-23 11:00:00+00:00,1.3184,1.3899,1.2387,1.3322,17387787.0
2025-10-23 12:00:00+00:00,1.332,1.4683,1.2853,1.3176,21559929.0
2025-10-23 13:00:00+00:00,1.318,1.3788,1.258,1.3212,12743233.0
2025-10-23 14:00:00+00:00,1.3213,1.387,1.2715,1.3529,10792020.0
2025-10-23 15:00:00+00:00,1.3529,1.3918,1.2718,1.317,14054015.0
2025-10-23 16:00:00+00:00,1.3167,1.3351,1.2643,1.3299,9736160.0
2025-10-23 17:00:00+00:00,1.3292,1.376,1.283,1.3526,8623292.0
2025-10-23 18:00:00+00:00,1.3522,1.364,1.292,1.3419,7041409.0
2025-10-23 19:00:00+00:00,1.3417,1.3531,1.223,1.2463,8407170.0
2025-10-23 20:00:00+00:00,1.246,1.2686,1.2139,1.2297,6550044.0
2025-10-23 21:00:00+00:00,1.2295,1.3193,1.2002,1.3077,7393327.0
2025-10-23 22:00:00+00:00,1.3077,1.3308,1.2802,1.2841,5295237.0
2025-10-23 23:00:00+00:00,1.2841,1.3381,1.2421,1.307,8008509.0
2025-10-24 00:00:00+00:00,1.3069,1.3469,1.2926,1.3256,5111064.0
2025-10-24 01:00:00+00:00,1.3255,1.3814,1.2287,1.2368,8045128.0
2025-10-24 02:00:00+00:00,1.2364,1.2667,1.2255,1.2463,5079121.0
2025-10-24 03:00:00+00:00,1.2463,1.3075,1.2301,1.3059,5207707.0
2025-10-24 04:00:00+00:00,1.306,1.3821,1.2992,1.3789,7210568.0
2025-10-24 05:00:00+00:00,1.3792,1.4194,1.3225,1.4089,8241794.0
2025-10-24 06:00:00+00:00,1.4092,1.5,1.3498,1.4006,11447030.0
2025-10-24 07:00:00+00:00,1.4004,1.4277,1.3706,1.4042,6822737.0
2025-10-24 08:00:00+00:00,1.404,1.4046,1.2812,1.3051,7922209.0
2025-10-24 09:00:00+00:00,1.3051,1.3549,1.2941,1.336,6472777.0
2025-10-24 10:00:00+00:00,1.3361,1.3468,1.3019,1.3036,4140151.0
2025-10-24 11:00:00+00:00,1.3036,1.328,1.2701,1.3143,4915118.0
2025-10-24 12:00:00+00:00,1.3143,1.3287,1.2785,1.2811,5056524.0
2025-10-24 13:00:00+00:00,1.2807,1.3203,1.2426,1.3078,6652004.0
2025-10-24 14:00:00+00:00,1.3078,1.3798,1.2833,1.3574,7470872.0
2025-10-24 15:00:00+00:00,1.3574,1.4384,1.3222,1.3898,9305754.0
2025-10-24 16:00:00+00:00,1.3898,1.391,1.3309,1.3373,6300913.0
2025-10-24 17:00:00+00:00,1.3377,1.3379,1.287,1.3091,5001294.0
2025-10-24 18:00:00+00:00,1.3091,1.3179,1.2843,1.309,3850104.0
2025-10-24 19:00:00+00:00,1.3095,1.4609,1.2975,1.4343,10304909.0
2025-10-24 20:00:00+00:00,1.4343,1.5061,1.4048,1.4522,7482162.0
2025-10-24 21:00:00+00:00,1.4517,1.4649,1.3702,1.4228,5848996.0
2025-10-24 22:00:00+00:00,1.4227,1.52,1.414,1.4946,6592104.0
2025-10-24 23:00:00+00:00,1.4953,1.5263,1.4457,1.4714,6383056.0
2025-10-25 00:00:00+00:00,1.4715,1.4767,1.4001,1.4253,4800109.0
2025-10-25 01:00:00+00:00,1.4249,1.426,1.3821,1.3884,2748478.0
2025-10-25 02:00:00+00:00,1.3883,1.4033,1.3455,1.353,2958628.0
2025-10-25 03:00:00+00:00,1.3529,1.3669,1.317,1.3324,2864324.0
2025-10-25 04:00:00+00:00,1.3317,1.3468,1.3033,1.3143,2240774.0
2025-10-25 05:00:00+00:00,1.3144,1.3205,1.2727,1.2918,3623294.0
2025-10-25 06:00:00+00:00,1.2919,1.3325,1.2805,1.3029,3166013.0
2025-10-25 07:00:00+00:00,1.3025,1.3191,1.2823,1.3082,2351857.0
2025-10-25 08:00:00+00:00,1.3075,1.3324,1.2914,1.3019,2682787.0
2025-10-25 09:00:00+00:00,1.3017,1.3126,1.2811,1.2955,1898451.0
2025-10-25 10:00:00+00:00,1.2954,1.3111,1.2902,1.2925,1367899.0
2025-10-25 11:00:00+00:00,1.2925,1.3139,1.2711,1.2929,2452437.0
2025-10-25 12:00:00+00:00,1.2929,1.3083,1.2762,1.2846,1448526.0
2025-10-25 13:00:00+00:00,1.2843,1.2843,1.1005,1.1894,12778881.0
2025-10-25 14:00:00+00:00,1.1888,1.2119,1.1654,1.187,3860856.0
2025-10-25 15:00:00+00:00,1.187,1.1944,1.172,1.1742,2500327.0
2025-10-25 16:00:00+00:00,1.1739,1.2159,1.1635,1.2092,2975717.0
2025-10-25 17:00:00+00:00,1.2092,1.2551,1.2072,1.2426,3281818.0
2025-10-25 18:00:00+00:00,1.243,1.2649,1.2212,1.2258,2404269.0
2025-10-25 19:00:00+00:00,1.2256,1.2528,1.2227,1.2455,2110981.0
2025-10-25 20:00:00+00:00,1.245,1.2487,1.1857,1.2229,1851750.0
2025-10-25 21:00:00+00:00,1.2229,1.2351,1.2011,1.2212,1961991.0
2025-10-25 22:00:00+00:00,1.2214,1.2224,1.2035,1.2179,1241662.0
2025-10-25 23:00:00+00:00,1.2178,1.2178,1.1832,1.1946,1656192.0
2025-10-26 00:00:00+00:00,1.1947,1.2139,1.1893,1.1954,1924384.0
2025-10-26 01:00:00+00:00,1.1954,1.2178,1.1912,1.217,1332307.0
2025-10-26 02:00:00+00:00,1.2171,1.2499,1.217,1.2334,2562152.0
2025-10-26 03:00:00+00:00,1.2333,1.2442,1.214,1.2227,1940684.0
2025-10-26 04:00:00+00:00,1.2224,1.2678,1.2213,1.2634,2930768.0
2025-10-26 05:00:00+00:00,1.2633,1.2916,1.2437,1.2692,2261319.0
2025-10-26 06:00:00+00:00,1.269,1.2865,1.253,1.2647,1890168.0
2025-10-26 07:00:00+00:00,1.2642,1.2642,1.2295,1.2472,2408487.0
2025-10-26 08:00:00+00:00,1.2476,1.2549,1.2225,1.227,1925384.0
2025-10-26 09:00:00+00:00,1.227,1.2492,1.21,1.2251,1960276.0
2025-10-26 10:00:00+00:00,1.225,1.2391,1.214,1.2212,1513153.0
2025-10-26 11:00:00+00:00,1.2212,1.2338,1.18,1.2244,2799227.0
2025-10-26 12:00:00+00:00,1.2243,1.2719,1.2225,1.2475,3508499.0
2025-10-26 13:00:00+00:00,1.2475,1.2578,1.23,1.2305,1979572.0
2025-10-26 14:00:00+00:00,1.2305,1.2428,1.2182,1.2406,1735286.0
2025-10-26 15:00:00+00:00,1.2406,1.2548,1.2267,1.248,1501476.0
2025-10-26 16:00:00+00:00,1.2479,1.2479,1.1703,1.1735,4030571.0
2025-10-26 17:00:00+00:00,1.1736,1.2319,1.1592,1.1977,4733979.0
2025-10-26 18:00:00+00:00,1.1977,1.2166,1.1801,1.1993,1586922.0
2025-10-26 19:00:00+00:00,1.1996,1.2537,1.192,1.22,2588420.0
2025-10-26 20:00:00+00:00,1.2201,1.241,1.198,1.2078,1735451.0
2025-10-26 21:00:00+00:00,1.2077,1.2535,1.207,1.2184,1585108.0
2025-10-26 22:00:00+00:00,1.2183,1.2563,1.2177,1.2457,2506663.0
2025-10-26 23:00:00+00:00,1.246,1.249,1.2088,1.2125,1819906.0
2025-10-27 00:00:00+00:00,1.2125,1.2192,1.1703,1.1729,3165138.0
2025-10-27 01:00:00+00:00,1.173,1.196,1.1629,1.1863,1987394.0
2025-10-27 02:00:00+00:00,1.186,1.1995,1.1716,1.1814,1692822.0
2025-10-27 03:00:00+00:00,1.1814,1.2378,1.1776,1.2361,1769785.0
2025-10-27 04:00:00+00:00,1.2358,1.2592,1.22,1.2451,2973804.0
2025-10-27 05:00:00+00:00,1.2452,1.2465,1.218,1.2262,1949044.0
2025-10-27 06:00:00+00:00,1.2262,1.2264,1.1831,1.2001,2812912.0
2025-10-27 07:00:00+00:00,1.1999,1.2,1.1763,1.1971,1921644.0
2025-10-27 08:00:00+00:00,1.1972,1.1988,1.1782,1.1901,1299591.0
2025-10-27 09:00:00+00:00,1.1901,1.1948,1.1262,1.1629,4458029.0
2025-10-27 10:00:00+00:00,1.1629,1.2174,1.16,1.2109,3478279.0
2025-10-27 11:00:00+00:00,1.2112,1.2163,1.1922,1.2032,2233493.0
2025-10-27 12:00:00+00:00,1.2032,1.2414,1.2008,1.2347,2004180.0
2025-10-27 13:00:00+00:00,1.2347,1.2517,1.2159,1.2393,2763626.0
2025-10-27 14:00:00+00:00,1.24,1.2692,1.2187,1.2537,2849791.0
2025-10-27 15:00:00+00:00,1.2537,1.2598,1.194,1.2324,3323852.0
2025-10-27 16:00:00+00:00,1.2322,1.2597,1.2113,1.2304,2386161.0
2025-10-27 17:00:00+00:00,1.2304,1.2573,1.2251,1.2489,1600087.0
2025-10-27 18:00:00+00:00,1.249,1.259,1.2242,1.244,1710173.0
2025-10-27 19:00:00+00:00,1.2439,1.2547,1.1831,1.1931,2965582.0
2025-10-27 20:00:00+00:00,1.1932,1.2031,1.1507,1.1824,3420069.0
2025-10-27 21:00:00+00:00,1.1822,1.1954,1.1606,1.165,1783589.0
2025-10-27 22:00:00+00:00,1.1654,1.1943,1.1653,1.1783,1149926.0
2025-10-27 23:00:00+00:00,1.1784,1.1801,1.1653,1.1698,939876.0
2025-10-28 00:00:00+00:00,1.1698,1.2699,1.1645,1.2643,3549550.0
2025-10-28 01:00:00+00:00,1.2638,1.3703,1.2537,1.3085,10184458.0
2025-10-28 02:00:00+00:00,1.3085,1.3096,1.2,1.2063,7748204.0
2025-10-28 03:00:00+00:00,1.2064,1.2378,1.1902,1.2106,2639159.0
2025-10-28 04:00:00+00:00,1.2107,1.2439,1.2066,1.2191,1867881.0
2025-10-28 05:00:00+00:00,1.2192,1.2335,1.2028,1.2115,1401984.0
2025-10-28 06:00:00+00:00,1.2111,1.2247,1.1932,1.2016,1812770.0
2025-10-28 07:00:00+00:00,1.2018,1.2079,1.1742,1.1843,1896621.0
2025-10-28 08:00:00+00:00,1.1844,1.2016,1.1775,1.1911,1282268.0
2025-10-28 09:00:00+00:00,1.1909,1.2,1.1817,1.1975,1098426.0
2025-10-28 10:00:00+00:00,1.1976,1.204,1.1891,1.2002,920578.0
2025-10-28 11:00:00+00:00,1.2002,1.2018,1.1902,1.1933,681867.0
2025-10-28 12:00:00+00:00,1.1936,1.2372,1.18,1.2029,3289041.0
2025-10-28 13:00:00+00:00,1.2031,1.2322,1.19,1.1933,3081297.0
2025-10-28 14:00:00+00:00,1.1931,1.1979,1.13,1.1571,4312261.0
2025-10-28 15:00:00+00:00,1.1571,1.1599,0.9881,1.0034,14796862.0
2025-10-28 16:00:00+00:00,1.0034,1.0117,0.9276,0.9666,9987406.0
2025-10-28 17:00:00+00:00,0.9664,1.001,0.9301,0.9352,5953581.0
2025-10-28 18:00:00+00:00,0.9353,0.94,0.9001,0.9109,7198475.0
2025-10-28 19:00:00+00:00,0.9114,0.978,0.9112,0.9702,6064088.0
2025-10-28 20:00:00+00:00,0.9703,1.0579,0.9531,1.0454,8017398.0
2025-10-28 21:00:00+00:00,1.0454,1.0748,0.9894,1.0343,6937407.0
2025-10-28 22:00:00+00:00,1.0343,1.066,1.0286,1.0592,2420582.0
2025-10-28 23:00:00+00:00,1.0592,1.1529,1.0525,1.1449,6582381.0
2025-10-29 00:00:00+00:00,1.1449,1.1449,1.0915,1.1107,3782495.0
2025-10-29 01:00:00+00:00,1.1108,1.1411,1.0745,1.0849,3234318.0
2025-10-29 02:00:00+00:00,1.0849,1.1264,1.0702,1.1248,2022974.0
2025-10-29 03:00:00+00:00,1.1247,1.1344,1.056,1.0615,2788480.0
2025-10-29 04:00:00+00:00,1.0615,1.0768,1.0507,1.0652,1300523.0
2025-10-29 05:00:00+00:00,1.0653,1.0708,1.0506,1.0534,1143981.0
2025-10-29 06:00:00+00:00,1.0533,1.0539,1.0348,1.0451,1765205.0
2025-10-29 07:00:00+00:00,1.0451,1.0503,1.0218,1.0249,1475851.0
2025-10-29 08:00:00+00:00,1.025,1.0489,1.0074,1.0235,2905829.0
2025-10-29 09:00:00+00:00,1.0232,1.0377,1.009,1.0228,1551911.0
2025-10-29 10:00:00+00:00,1.0228,1.027,1.0017,1.0036,1205612.0
2025-10-29 11:00:00+00:00,1.0032,1.019,1.0002,1.0058,1314397.0
2025-10-29 12:00:00+00:00,1.0058,1.0229,1.0013,1.0136,1587985.0
2025-10-29 13:00:00+00:00,1.0135,1.015,0.9901,0.9981,2168674.0
2025-10-29 14:00:00+00:00,0.9978,1.0278,0.9911,0.9957,2306853.0
2025-10-29 15:00:00+00:00,0.9958,1.0038,0.9714,0.9951,3508261.0
2025-10-29 16:00:00+00:00,0.9952,1.0606,0.9804,1.0603,3459927.0
2025-10-29 17:00:00+00:00,1.0603,1.1228,1.0401,1.0858,8759676.0
2025-10-29 18:00:00+00:00,1.0853,1.11,1.066,1.0961,7810672.0
2025-10-29 19:00:00+00:00,1.0961,1.1127,1.0731,1.1068,3463352.0
2025-10-29 20:00:00+00:00,1.1066,1.1729,1.0909,1.141,5049850.0
2025-10-29 21:00:00+00:00,1.1411,1.1415,1.0939,1.1352,3326625.0
2025-10-29 22:00:00+00:00,1.135,1.1595,1.123,1.1443,2323419.0
2025-10-29 23:00:00+00:00,1.1443,1.1515,1.1234,1.1426,1870229.0
2025-10-30 00:00:00+00:00,1.1425,1.1536,1.1268,1.1417,1579373.0
2025-10-30 01:00:00+00:00,1.1416,1.161,1.134,1.14,1231235.0
2025-10-30 02:00:00+00:00,1.1402,1.1928,1.1341,1.1792,2189151.0
2025-10-30 03:00:00+00:00,1.1792,1.2294,1.1658,1.1714,3827997.0
2025-10-30 04:00:00+00:00,1.1714,1.2773,1.1446,1.2701,6894169.0
2025-10-30 05:00:00+00:00,1.2702,1.355,1.1636,1.2286,20869158.0
2025-10-30 06:00:00+00:00,1.2283,1.258,1.1771,1.2574,5881338.0
2025-10-30 07:00:00+00:00,1.2567,1.2664,1.2231,1.2308,4092094.0
2025-10-30 08:00:00+00:00,1.2304,1.2694,1.2001,1.2318,5563550.0
2025-10-30 09:00:00+00:00,1.232,1.2657,1.2057,1.207,5073891.0
2025-10-30 10:00:00+00:00,1.2075,1.2151,1.025,1.0447,15695135.0
2025-10-30 11:00:00+00:00,1.0447,1.1577,1.0438,1.1469,8105407.0
2025-10-30 12:00:00+00:00,1.147,1.2,1.136,1.1783,10550859.0
2025-10-30 13:00:00+00:00,1.178,1.2223,1.1004,1.1335,12811824.0
2025-10-30 14:00:00+00:00,1.1334,1.1492,1.0892,1.1029,5891223.0
2025-10-30 15:00:00+00:00,1.1027,1.1561,1.0802,1.1214,6135158.0
2025-10-30 16:00:00+00:00,1.1215,1.1463,1.0474,1.114,6274726.0
2025-10-30 17:00:00+00:00,1.1137,1.1938,1.1047,1.1867,4527120.0
2025-10-30 18:00:00+00:00,1.1865,1.1999,1.1532,1.1967,3434857.0
2025-10-30 19:00:00+00:00,1.1966,1.2148,1.18,1.1985,3464090.0
2025-10-30 20:00:00+00:00,1.199,1.2411,1.193,1.1995,3411651.0
2025-10-30 21:00:00+00:00,1.1994,1.2403,1.195,1.2145,1886926.0
2025-10-30 22:00:00+00:00,1.2146,1.2698,1.2146,1.2401,2507867.0
2025-10-30 23:00:00+00:00,1.2402,1.2499,1.2111,1.2261,1880128.0
2025-10-31 00:00:00+00:00,1.2263,1.2427,1.1996,1.2274,1831923.0
2025-10-31 01:00:00+00:00,1.2273,1.2599,1.2112,1.2349,1924399.0
2025-10-31 02:00:00+00:00,1.2342,1.2518,1.1689,1.1751,2929251.0
2025-10-31 03:00:00+00:00,1.1751,1.228,1.1718,1.1838,1838001.0
2025-10-31 04:00:00+00:00,1.1835,1.225,1.1833,1.2181,1528308.0
2025-10-31 05:00:00+00:00,1.2179,1.2274,1.195,1.2036,1200410.0
2025-10-31 06:00:00+00:00,1.2034,1.2195,1.1933,1.2015,1034846.0
2025-10-31 07:00:00+00:00,1.2014,1.2034,1.171,1.1809,1222989.0
2025-10-31 08:00:00+00:00,1.1808,1.2111,1.1726,1.1808,1327148.0
2025-10-31 09:00:00+00:00,1.181,1.2229,1.1751,1.2171,1398958.0
2025-10-31 10:00:00+00:00,1.217,1.2683,1.208,1.263,2939333.0
2025-10-31 11:00:00+00:00,1.2628,1.2679,1.1604,1.2053,5048408.0
2025-10-31 12:00:00+00:00,1.2056,1.2207,1.1847,1.193,1904476.0
2025-10-31 13:00:00+00:00,1.193,1.264,1.1868,1.2447,2979236.0
2025-10-31 14:00:00+00:00,1.2448,1.3576,1.2382,1.3492,5027756.0
2025-10-31 15:00:00+00:00,1.3488,1.4437,1.3209,1.4057,9131540.0
2025-10-31 16:00:00+00:00,1.4058,1.438,1.3715,1.3892,5861282.0
2025-10-31 17:00:00+00:00,1.3888,1.3913,1.2579,1.2623,7436245.0
2025-10-31 18:00:00+00:00,1.2627,1.2895,1.2378,1.2507,3546083.0
2025-10-31 19:00:00+00:00,1.2508,1.2591,1.203,1.2373,3104708.0
2025-10-31 20:00:00+00:00,1.237,1.2458,1.2126,1.2258,1392324.0
2025-10-31 21:00:00+00:00,1.2256,1.2434,1.188,1.2008,1399659.0
2025-10-31 22:00:00+00:00,1.2009,1.2242,1.1986,1.2138,1150432.0
2025-10-31 23:00:00+00:00,1.2138,1.2145,1.1917,1.2066,711330.0
2025-11-01 00:00:00+00:00,1.2066,1.2274,1.1911,1.2253,1010472.0
2025-11-01 01:00:00+00:00,1.2251,1.2394,1.1293,1.1487,3100985.0
2025-11-01 02:00:00+00:00,1.1491,1.1876,1.1016,1.1838,3271490.0
2025-11-01 03:00:00+00:00,1.1839,1.2088,1.1762,1.1989,1721576.0
2025-11-01 04:00:00+00:00,1.1987,1.2056,1.1872,1.1934,945151.0
2025-11-01 05:00:00+00:00,1.1934,1.2084,1.1673,1.1724,1249152.0
2025-11-01 06:00:00+00:00,1.1725,1.2588,1.1692,1.235,2617884.0
2025-11-01 07:00:00+00:00,1.2351,1.2391,1.2065,1.2373,1106417.0
2025-11-01 08:00:00+00:00,1.2374,1.2857,1.2342,1.2513,2560816.0
2025-11-01 09:00:00+00:00,1.2511,1.283,1.2435,1.2661,1554107.0
2025-11-01 10:00:00+00:00,1.266,1.3229,1.2607,1.2881,2455498.0
2025-11-01 11:00:00+00:00,1.2882,1.3735,1.2857,1.346,3135973.0
2025-11-01 12:00:00+00:00,1.3457,1.4058,1.2848,1.3822,8069984.0
2025-11-01 13:00:00+00:00,1.3824,1.4287,1.363,1.3941,5647456.0
2025-11-01 14:00:00+00:00,1.3943,1.442,1.3702,1.4021,4657798.0
2025-11-01 15:00:00+00:00,1.4021,1.4998,1.4014,1.4904,5648429.0
2025-11-01 16:00:00+00:00,1.4905,1.5404,1.3414,1.3929,8730592.0
2025-11-01 17:00:00+00:00,1.3932,1.4015,1.3563,1.3835,2305067.0
2025-11-01 18:00:00+00:00,1.3833,1.436,1.3677,1.4172,2235924.0
2025-11-01 19:00:00+00:00,1.4172,1.4265,1.3738,1.4193,1680939.0
2025-11-01 20:00:00+00:00,1.4189,1.47,1.4168,1.4415,2351498.0
2025-11-01 21:00:00+00:00,1.4409,1.461,1.4212,1.4244,953730.0
2025-11-01 22:00:00+00:00,1.424,1.4432,1.3801,1.3992,1785913.0
2025-11-01 23:00:00+00:00,1.3992,1.4389,1.388,1.4338,1339583.0
2025-11-02 00:00:00+00:00,1.4338,1.4352,1.3586,1.3681,3163012.0
2025-11-02 01:00:00+00:00,1.3681,1.426,1.33,1.35,2612665.0
2025-11-02 02:00:00+00:00,1.35,1.3696,1.306,1.3157,1964753.0
2025-11-02 03:00:00+00:00,1.3154,1.3498,1.299,1.3475,1476026.0
2025-11-02 04:00:00+00:00,1.3479,1.3599,1.3138,1.3457,1738205.0
2025-11-02 05:00:00+00:00,1.3457,1.3467,1.3142,1.3316,837953.0
2025-11-02 06:00:00+00:00,1.3316,1.3326,1.3059,1.31,1011462.0
2025-11-02 07:00:00+00:00,1.3101,1.331,1.3001,1.3215,1214038.0
2025-11-02 08:00:00+00:00,1.322,1.3254,1.2642,1.3032,1659442.0
2025-11-02 09:00:00+00:00,1.3033,1.3328,1.268,1.2767,1876895.0
2025-11-02 10:00:00+00:00,1.2772,1.3044,1.252,1.2559,1655583.0
2025-11-02 11:00:00+00:00,1.2554,1.271,1.2413,1.2683,1413105.0
2025-11-02 12:00:00+00:00,1.2684,1.3,1.2452,1.2911,1728103.0
2025-11-02 13:00:00+00:00,1.291,1.3029,1.2459,1.2548,1749954.0
2025-11-02 14:00:00+00:00,1.2547,1.258,1.2202,1.255,2427315.0
2025-11-02 15:00:00+00:00,1.2556,1.266,1.2125,1.2308,1691407.0
2025-11-02 16:00:00+00:00,1.2305,1.2541,1.2232,1.224,1566468.0
2025-11-02 17:00:00+00:00,1.224,1.2292,1.2001,1.2163,1279901.0
2025-11-02 18:00:00+00:00,1.2164,1.2347,1.2002,1.2077,1654974.0
2025-11-02 19:00:00+00:00,1.2076,1.2195,1.1923,1.2001,855792.0
2025-11-02 20:00:00+00:00,1.2001,1.2099,1.1901,1.2031,583589.0
2025-11-02 21:00:00+00:00,1.2032,1.222,1.2032,1.2154,788757.0
2025-11-02 22:00:00+00:00,1.2155,1.2433,1.2122,1.2279,1158445.0
2025-11-02 23:00:00+00:00,1.2279,1.2472,1.216,1.2233,1150690.0
2025-11-03 00:00:00+00:00,1.2236,1.2345,1.1963,1.2169,1237310.0
2025-11-03 01:00:00+00:00,1.217,1.2473,1.2143,1.2278,1139379.0
2025-11-03 02:00:00+00:00,1.2278,1.266,1.2177,1.2343,1932669.0
2025-11-03 03:00:00+00:00,1.2344,1.313,1.2327,1.2991,2825793.0
2025-11-03 04:00:00+00:00,1.2991,1.3512,1.2854,1.3369,3363346.0
2025-11-03 05:00:00+00:00,1.3368,1.3395,1.2726,1.3138,2802437.0
2025-11-03 06:00:00+00:00,1.3139,1.3572,1.2873,1.2896,2920518.0
2025-11-03 07:00:00+00:00,1.29,1.315,1.2801,1.2964,1750808.0
2025-11-03 08:00:00+00:00,1.2957,1.3317,1.2352,1.2648,2720192.0
2025-11-03 09:00:00+00:00,1.2648,1.2905,1.207,1.2154,2208375.0
2025-11-03 10:00:00+00:00,1.2153,1.2494,1.2148,1.2399,1886784.0
2025-11-03 11:00:00+00:00,1.24,1.2579,1.2209,1.2369,1163858.0
2025-11-03 12:00:00+00:00,1.2369,1.2531,1.2239,1.2261,1126138.0
2025-11-03 13:00:00+00:00,1.2259,1.2859,1.1681,1.2824,4100339.0
2025-11-03 14:00:00+00:00,1.2829,1.2949,1.2175,1.2211,3953905.0
2025-11-03 15:00:00+00:00,1.2214,1.2244,1.0501,1.1986,9178148.0
2025-11-03 16:00:00+00:00,1.1987,1.2291,1.1623,1.1759,2900846.0
2025-11-03 17:00:00+00:00,1.1759,1.2069,1.1489,1.2036,1913418.0
2025-11-03 18:00:00+00:00,1.2037,1.2039,1.1382,1.1724,1942740.0
2025-11-03 19:00:00+00:00,1.1725,1.1904,1.1501,1.1816,985535.0
2025-11-03 20:00:00+00:00,1.1816,1.1944,1.1266,1.1481,1552165.0
2025-11-03 21:00:00+00:00,1.1479,1.163,1.1329,1.1556,947658.0
2025-11-03 22:00:00+00:00,1.1555,1.2169,1.1473,1.1703,1379174.0
2025-11-03 23:00:00+00:00,1.1703,1.2015,1.1632,1.1855,722559.0
2025-11-04 00:00:00+00:00,1.1854,1.2085,1.1744,1.1819,1103138.0
2025-11-04 01:00:00+00:00,1.182,1.1981,1.1692,1.1775,848731.0
2025-11-04 02:00:00+00:00,1.1775,1.1909,1.1561,1.1657,878855.0
2025-11-04 03:00:00+00:00,1.1657,1.169,1.1449,1.1539,653964.0
2025-11-04 04:00:00+00:00,1.1541,1.1864,1.12,1.1761,1632071.0
2025-11-04 05:00:00+00:00,1.176,1.2303,1.154,1.1914,2910608.0
2025-11-04 06:00:00+00:00,1.1915,1.2484,1.1815,1.2006,2151197.0
2025-11-04 07:00:00+00:00,1.2005,1.2446,1.1916,1.2226,1748735.0
2025-11-04 08:00:00+00:00,1.2229,1.2858,1.2096,1.2574,1953168.0
2025-11-04 09:00:00+00:00,1.2575,1.2586,1.2315,1.2412,1416089.0
2025-11-04 10:00:00+00:00,1.2414,1.2944,1.2372,1.2912,1287196.0
2025-11-04 11:00:00+00:00,1.2911,1.308,1.2521,1.2716,2127465.0
2025-11-04 12:00:00+00:00,1.2715,1.4995,1.2458,1.4824,5811700.0
2025-11-04 13:00:00+00:00,1.4823,1.92,1.47,1.8752,27870498.0
2025-11-04 14:00:00+00:00,1.8755,2.4291,1.8471,2.3676,30529654.0
2025-11-04 15:00:00+00:00,2.3676,2.5,1.9237,2.3929,41048931.0
2025-11-04 16:00:00+00:00,2.3929,2.6753,2.2,2.6439,24859547.0
2025-11-04 17:00:00+00:00,2.6438,2.7568,2.4207,2.5016,17704730.0
2025-11-04 18:00:00+00:00,2.5013,2.5456,2.2826,2.3077,13989033.0
2025-11-04 19:00:00+00:00,2.3079,2.4751,2.2351,2.4433,8133083.0
2025-11-04 20:00:00+00:00,2.4428,2.5796,2.3,2.5421,8545906.0
2025-11-04 21:00:00+00:00,2.5422,2.75,2.3525,2.4098,9901200.0
2025-11-04 22:00:00+00:00,2.4094,3.063,2.3542,2.8065,10389425.0
2025-11-04 23:00:00+00:00,2.8062,2.8246,2.4664,2.5452,7788592.0
2025-11-05 00:00:00+00:00,2.5453,2.8651,2.5289,2.7616,7534637.0
2025-11-05 01:00:00+00:00,2.7625,2.8287,2.5653,2.8073,7784247.0
2025-11-05 02:00:00+00:00,2.8058,2.9037,2.6567,2.7362,8509634.0
2025-11-05 03:00:00+00:00,2.7369,3.0162,2.6739,2.9179,7029001.0
2025-11-05 04:00:00+00:00,2.9177,3.0681,2.0656,2.2739,18096862.0
2025-11-05 05:00:00+00:00,2.2737,2.5461,2.152,2.2115,15242765.0
2025-11-05 06:00:00+00:00,2.2135,2.3131,1.9413,2.0593,11702601.0
2025-11-05 07:00:00+00:00,2.0606,2.1542,1.9505,2.0488,9155754.0
2025-11-05 08:00:00+00:00,2.0491,2.2013,1.9277,2.0062,11830772.0
2025-11-05 09:00:00+00:00,2.0046,2.1592,1.9295,2.022,7881464.0
2025-11-05 10:00:00+00:00,2.0239,2.0781,1.958,2.0544,5638081.0
2025-11-05 11:00:00+00:00,2.0548,2.0564,1.95,1.9765,4700717.0
2025-11-05 12:00:00+00:00,1.9764,1.979,1.8342,1.9041,8025132.0
2025-11-05 13:00:00+00:00,1.9048,1.9999,1.8657,1.938,5019713.0
2025-11-05 14:00:00+00:00,1.938,1.946,1.8169,1.8331,3849326.0
2025-11-05 15:00:00+00:00,1.8332,1.88,1.79,1.8728,3135272.0
2025-11-05 16:00:00+00:00,1.8731,1.9596,1.825,1.8348,3467253.0
2025-11-05 17:00:00+00:00,1.8348,1.9392,1.7981,1.9179,2718133.0
2025-11-05 18:00:00+00:00,1.9179,1.9332,1.8532,1.8653,1930458.0
2025-11-05 19:00:00+00:00,1.8652,1.8682,1.7333,1.7432,2824871.0
2025-11-05 20:00:00+00:00,1.7433,1.7562,1.6975,1.7064,2457671.0
2025-11-05 21:00:00+00:00,1.7067,1.7461,1.687,1.7387,1732556.0
2025-11-05 22:00:00+00:00,1.7388,1.7848,1.703,1.7069,1680891.0
2025-11-05 23:00:00+00:00,1.7069,1.7756,1.6757,1.6936,2723463.0
2025-11-06 00:00:00+00:00,1.6934,1.7058,1.6554,1.6637,1948795.0
2025-11-06 01:00:00+00:00,1.6636,1.68,1.6168,1.6312,2219521.0
2025-11-06 02:00:00+00:00,1.6308,1.6697,1.5981,1.6269,2352788.0
2025-11-06 03:00:00+00:00,1.6269,1.6577,1.602,1.6436,1963744.0
2025-11-06 04:00:00+00:00,1.6437,1.6765,1.6049,1.6608,1945933.0
2025-11-06 05:00:00+00:00,1.6604,1.75,1.6297,1.6725,3262730.0
2025-11-06 06:00:00+00:00,1.6724,1.8047,1.6697,1.7625,4087875.0
2025-11-06 07:00:00+00:00,1.7622,2.1579,1.729,2.1549,6685306.0
2025-11-06 08:00:00+00:00,2.1555,2.1878,1.889,2.0722,9054741.0
2025-11-06 09:00:00+00:00,2.0724,2.4699,2.0494,2.4383,9783486.0
2025-11-06 10:00:00+00:00,2.4382,2.8488,2.3,2.8112,21561599.0
2025-11-06 11:00:00+00:00,2.8103,3.248,2.7507,3.1523,22621318.0
2025-11-06 12:00:00+00:00,3.1498,3.329,2.8441,3.2201,22867418.0
2025-11-06 13:00:00+00:00,3.2229,3.726,3.1914,3.7192,21107170.0
2025-11-06 14:00:00+00:00,3.7221,4.77,3.6552,4.4661,36543761.0
2025-11-06 15:00:00+00:00,4.4663,6.8729,4.3913,5.5296,48637804.0
2025-11-06 16:00:00+00:00,5.5305,5.5693,4.3527,4.665,28086207.0
2025-11-06 17:00:00+00:00,4.6684,5.117,4.1201,5.0843,18982263.0
2025-11-06 18:00:00+00:00,5.0819,6.1215,4.9025,5.6027,19024760.0
2025-11-06 19:00:00+00:00,5.5995,6.7777,5.53,6.3401,16799544.0
2025-11-06 20:00:00+00:00,6.3372,6.6285,5.8552,6.3803,14381024.0
2025-11-06 21:00:00+00:00,6.377,8.094,6.2416,7.3832,19664091.0
2025-11-06 22:00:00+00:00,7.3836,8.322,7.1624,7.471,10959132.0
2025-11-06 23:00:00+00:00,7.4699,8.0,6.9105,7.3209,9674000.0
2025-11-07 00:00:00+00:00,7.3183,7.6869,6.2459,6.3365,8383654.0
2025-11-07 01:00:00+00:00,6.3365,7.6869,5.8506,7.5085,10782714.0
2025-11-07 02:00:00+00:00,7.5091,9.13,6.9587,9.1066,11065345.0
2025-11-07 03:00:00+00:00,9.1067,11.8821,8.8,11.4856,17539522.0
2025-11-07 04:00:00+00:00,11.4915,14.5,10.611,13.3492,24383745.0
2025-11-07 05:00:00+00:00,13.3386,14.7757,12.4,12.5445,13232377.0
2025-11-07 06:00:00+00:00,12.5445,12.6575,9.808,10.9991,18126634.0
2025-11-07 07:00:00+00:00,10.9996,13.545,10.9439,12.6829,11022571.0
2025-11-07 08:00:00+00:00,12.6729,13.4543,11.6222,11.8429,9101571.0
2025-11-07 09:00:00+00:00,11.8385,14.6,11.5,14.2669,12010486.0
2025-11-07 10:00:00+00:00,14.2672,15.5498,13.2726,14.6958,11082690.0
2025-11-07 11:00:00+00:00,14.6956,19.71,13.6468,17.5713,14570335.0
2025-11-07 12:00:00+00:00,17.5741,20.6122,16.71,20.3353,16146035.0
2025-11-07 13:00:00+00:00,20.3218,20.34,13.23,13.3363,18719033.0
2025-11-07 14:00:00+00:00,13.3368,13.3596,7.9,9.825,39998360.0
2025-11-07 15:00:00+00:00,9.8183,10.9876,8.8113,10.6032,14739621.0
2025-11-07 16:00:00+00:00,10.5926,10.9,7.1686,7.5225,11694195.0
2025-11-07 17:00:00+00:00,7.5229,8.9809,6.66,8.3929,13125540.0
2025-11-07 18:00:00+00:00,8.3967,12.449,8.2558,9.7255,13915606.0
2025-11-07 19:00:00+00:00,9.7317,10.0629,8.535,9.2849,5620451.0
2025-11-07 20:00:00+00:00,9.2845,9.4646,8.524,9.1217,4097729.0
2025-11-07 21:00:00+00:00,9.1292,9.2,7.61,8.0929,5474237.0
2025-11-07 22:00:00+00:00,8.0929,8.9899,7.858,8.6926,3012765.0
2025-11-07 23:00:00+00:00,8.6895,9.1928,7.987,8.0357,3279187.0
2025-11-08 00:00:00+00:00,8.0357,8.5751,7.3928,7.8432,3890095.0
2025-11-08 01:00:00+00:00,7.8433,9.8127,7.77,9.5453,4368897.0
2025-11-08 02:00:00+00:00,9.5456,9.5736,7.72,7.85,4666367.0
2025-11-08 03:00:00+00:00,7.85,7.861,6.3165,6.3834,6884911.0
2025-11-08 04:00:00+00:00,6.3829,7.6855,6.3356,6.9776,7829976.0
2025-11-08 05:00:00+00:00,6.9778,7.5928,6.786,7.3359,5914344.0
2025-11-08 06:00:00+00:00,7.3359,7.4885,6.7238,6.9079,4917830.0
2025-11-08 07:00:00+00:00,6.9074,7.4159,6.8,7.0399,4890488.0
2025-11-08 08:00:00+00:00,7.0421,7.235,6.4,6.595,4843344.0
2025-11-08 09:00:00+00:00,6.5928,6.674,5.5762,5.6778,8059473.0
2025-11-08 10:00:00+00:00,5.6737,6.0879,5.5125,5.7018,6997004.0
2025-11-08 11:00:00+00:00,5.7014,5.9499,5.384,5.5466,4835838.0
2025-11-08 12:00:00+00:00,5.5468,6.495,5.4181,6.114,6368482.0
2025-11-08 13:00:00+00:00,6.1183,6.9359,5.7354,5.7834,9964612.0
2025-11-08 14:00:00+00:00,5.7796,5.9999,5.1463,5.4339,9565355.0
2025-11-08 15:00:00+00:00,5.4363,5.5828,5.1745,5.2841,5111082.0
2025-11-08 16:00:00+00:00,5.2852,5.563,4.8485,5.4702,6737431.0
2025-11-08 17:00:00+00:00,5.4683,5.6808,5.2225,5.3247,3817726.0
2025-11-08 18:00:00+00:00,5.3247,5.47,5.1419,5.3002,3287540.0
2025-11-08 19:00:00+00:00,5.2987,5.3634,4.9183,4.9917,3165336.0
2025-11-08 20:00:00+00:00,4.9913,5.3693,4.6866,4.998,5541640.0
2025-11-08 21:00:00+00:00,4.998,5.098,4.7263,4.8776,4064498.0
2025-11-08 22:00:00+00:00,4.8794,5.0082,4.708,4.7554,2151606.0
2025-11-08 23:00:00+00:00,4.755,5.0999,4.702,4.857,4156912.0
2025-11-09 00:00:00+00:00,4.8574,5.0897,4.733,4.7524,5265829.0
2025-11-09 01:00:00+00:00,4.7523,5.9161,4.7247,5.5136,7186344.0
2025-11-09 02:00:00+00:00,5.5138,5.5154,4.5152,4.7977,8233875.0
2025-11-09 03:00:00+00:00,4.8003,4.9463,4.6191,4.8183,4094856.0
2025-11-09 04:00:00+00:00,4.8182,5.0984,4.7238,5.0586,3152749.0
2025-11-09 05:00:00+00:00,5.0584,5.2932,4.9715,5.0434,4192115.0
2025-11-09 06:00:00+00:00,5.0461,5.1456,4.725,4.7409,3502582.0
2025-11-09 07:00:00+00:00,4.7408,4.8717,4.7089,4.7943,2822001.0
2025-11-09 08:00:00+00:00,4.7961,4.7974,4.3405,4.3939,5615145.0
2025-11-09 09:00:00+00:00,4.3925,4.4969,4.0446,4.0642,5402604.0
2025-11-09 10:00:00+00:00,4.0644,4.0958,3.5323,3.7689,10286009.0
2025-11-09 11:00:00+00:00,3.7689,3.9492,3.215,3.4529,10291467.0
2025-11-09 12:00:00+00:00,3.453,3.5066,3.1632,3.3704,7281560.0
2025-11-09 13:00:00+00:00,3.3713,3.923,3.3501,3.4866,9911412.0
2025-11-09 14:00:00+00:00,3.4865,4.2483,3.4588,4.0086,11839524.0
2025-11-09 15:00:00+00:00,4.0076,4.7777,3.9537,4.6137,11467598.0
2025-11-09 16:00:00+00:00,4.6112,4.682,3.831,4.4294,11242447.0
2025-11-09 17:00:00+00:00,4.4296,4.8636,4.2609,4.8067,7814162.0
2025-11-09 18:00:00+00:00,4.8025,5.4541,4.7099,4.8836,8758685.0
2025-11-09 19:00:00+00:00,4.8821,5.55,4.8304,5.3008,6084413.0
2025-11-09 20:00:00+00:00,5.2966,5.519,4.9,5.1275,4709694.0
2025-11-09 21:00:00+00:00,5.1249,5.2138,4.8888,5.1187,3809232.0
2025-11-09 22:00:00+00:00,5.1185,5.1817,4.8001,4.8349,2618553.0
2025-11-09 23:00:00+00:00,4.8349,5.1328,4.3877,4.9414,5187661.0
2025-11-10 00:00:00+00:00,4.9382,5.7342,4.6353,5.7217,5977399.0
2025-11-10 01:00:00+00:00,5.7165,8.2348,5.6837,6.6064,18887282.0
2025-11-10 02:00:00+00:00,6.6064,7.4496,6.0629,6.2404,11210291.0
2025-11-10 03:00:00+00:00,6.2404,6.4785,4.4,4.6298,13518172.0
2025-11-10 04:00:00+00:00,4.6272,4.66,3.6267,4.3223,16577124.0
2025-11-10 05:00:00+00:00,4.3221,4.4694,3.8181,3.9343,8866935.0
2025-11-10 06:00:00+00:00,3.9347,4.1409,3.6617,3.9681,6612160.0
2025-11-10 07:00:00+00:00,3.968,4.0633,3.766,3.8802,6159969.0
2025-11-10 08:00:00+00:00,3.8791,4.08,3.8483,3.9165,4653268.0
2025-11-10 09:00:00+00:00,3.9162,4.0669,3.8802,4.0205,3614603.0
2025-11-10 10:00:00+00:00,4.0204,4.0965,3.2934,3.3288,10801851.0
2025-11-10 11:00:00+00:00,3.3297,3.4168,2.8122,3.1278,13872204.0
2025-11-10 12:00:00+00:00,3.1269,3.1688,2.681,2.7764,10462512.0
2025-11-10 13:00:00+00:00,2.7769,3.05,2.6735,2.7766,8583987.0
2025-11-10 14:00:00+00:00,2.7766,2.8496,2.5927,2.7924,9486954.0
2025-11-10 15:00:00+00:00,2.7924,2.8209,2.518,2.6401,7256246.0
2025-11-10 16:00:00+00:00,2.6402,2.7415,2.3894,2.4469,7583231.0
2025-11-10 17:00:00+00:00,2.447,2.58,2.4338,2.4672,5394221.0
2025-11-10 18:00:00+00:00,2.4673,2.8703,2.355,2.7971,8952577.0
2025-11-10 19:00:00+00:00,2.7962,2.8338,2.4937,2.5647,6689389.0
2025-11-10 20:00:00+00:00,2.5652,2.7299,2.5201,2.6752,3939081.0
2025-11-10 21:00:00+00:00,2.6752,2.7894,2.5709,2.7275,5312103.0
2025-11-10 22:00:00+00:00,2.7263,2.73,2.3887,2.486,5143001.0
2025-11-10 23:00:00+00:00,2.4859,2.513,2.3737,2.3903,2656495.0
2025-11-11 00:00:00+00:00,2.3906,2.8365,2.3846,2.7525,6267597.0
2025-11-11 01:00:00+00:00,2.7514,2.8888,2.603,2.8073,4988366.0
2025-11-11 02:00:00+00:00,2.8073,2.8565,2.65,2.7344,4451814.0
2025-11-11 03:00:00+00:00,2.7342,2.796,2.4014,2.5296,7625800.0
2025-11-11 04:00:00+00:00,2.5296,2.6786,2.5026,2.5871,5390035.0
2025-11-11 05:00:00+00:00,2.5871,2.6539,2.4417,2.5111,4820485.0
2025-11-11 06:00:00+00:00,2.5111,2.5359,2.3769,2.4734,4163449.0
2025-11-11 07:00:00+00:00,2.4733,2.6394,2.4409,2.4912,6317839.0
2025-11-11 08:00:00+00:00,2.4912,2.5655,2.2587,2.3353,6906058.0
2025-11-11 09:00:00+00:00,2.3348,2.4,2.1088,2.1608,7387577.0
2025-11-11 10:00:00+00:00,2.1608,2.2078,2.0914,2.1862,5045325.0
2025-11-11 11:00:00+00:00,2.1862,2.21,2.1258,2.1581,3674334.0
2025-11-11 12:00:00+00:00,2.1573,2.1701,2.0258,2.1173,6839814.0
2025-11-11 13:00:00+00:00,2.1172,2.1967,2.0765,2.1166,5189893.0
2025-11-11 14:00:00+00:00,2.1166,2.15,2.025,2.113,6432456.0
2025-11-11 15:00:00+00:00,2.1135,2.119,1.8521,1.9054,9165562.0
2025-11-11 16:00:00+00:00,1.9056,1.9147,1.8234,1.8848,5502446.0
2025-11-11 17:00:00+00:00,1.8847,1.9378,1.8528,1.9369,3962890.0
2025-11-11 18:00:00+00:00,1.9369,1.9683,1.8501,1.8905,4444892.0
2025-11-11 19:00:00+00:00,1.8908,1.9567,1.8775,1.8899,3360900.0
2025-11-11 20:00:00+00:00,1.8899,1.9379,1.8647,1.8978,2624564.0
2025-11-11 21:00:00+00:00,1.8982,1.9288,1.8659,1.8999,2741608.0
2025-11-11 22:00:00+00:00,1.8997,2.0332,1.88,2.0008,2780094.0
2025-11-11 23:00:00+00:00,2.0007,2.0936,1.72,1.792,9190807.0
2025-11-12 00:00:00+00:00,1.7919,1.8036,1.6438,1.688,11095631.0
2025-11-12 01:00:00+00:00,1.688,1.932,1.663,1.9207,7593305.0
2025-11-12 02:00:00+00:00,1.9207,2.1181,1.87,1.9355,12390820.0
2025-11-12 03:00:00+00:00,1.9362,1.9543,1.9002,1.9195,3577371.0
2025-11-12 04:00:00+00:00,1.9192,1.9746,1.7222,1.7523,6526239.0
2025-11-12 05:00:00+00:00,1.7533,1.8474,1.6898,1.8111,4850006.0
2025-11-12 06:00:00+00:00,1.8111,1.8121,1.7607,1.7752,2492651.0
2025-11-12 07:00:00+00:00,1.7751,1.7777,1.6642,1.7102,5160845.0
2025-11-12 08:00:00+00:00,1.7106,1.8464,1.6731,1.7722,5269397.0
2025-11-12 09:00:00+00:00,1.7723,1.8284,1.7662,1.7778,3234364.0
2025-11-12 10:00:00+00:00,1.7777,1.8054,1.675,1.7294,4948098.0
2025-11-12 11:00:00+00:00,1.7295,1.7664,1.7,1.71,3068402.0
2025-11-12 12:00:00+00:00,1.7098,1.7587,1.64,1.6988,5652463.0
2025-11-12 13:00:00+00:00,1.6991,1.7041,1.6049,1.6456,6547991.0
2025-11-12 14:00:00+00:00,1.6456,1.6948,1.625,1.6653,4905823.0
2025-11-12 15:00:00+00:00,1.6656,1.7144,1.5029,1.5355,9052329.0
2025-11-12 16:00:00+00:00,1.5355,1.5557,1.4565,1.5129,8904114.0
2025-11-12 17:00:00+00:00,1.5129,1.5322,1.4793,1.513,3322813.0
2025-11-12 18:00:00+00:00,1.513,1.6,1.5085,1.5611,3941268.0
2025-11-12 19:00:00+00:00,1.5612,1.6212,1.5488,1.6148,3281071.0
2025-11-12 20:00:00+00:00,1.615,1.6377,1.5825,1.6008,2672595.0
2025-11-12 21:00:00+00:00,1.6009,1.6128,1.5669,1.5897,2219741.0
2025-11-12 22:00:00+00:00,1.5897,1.6115,1.58,1.5981,1344007.0
2025-11-12 23:00:00+00:00,1.5983,1.6007,1.5557,1.5625,1573010.0
2025-11-13 00:00:00+00:00,1.5625,1.5894,1.5311,1.5551,2372022.0
2025-11-13 01:00:00+00:00,1.5551,1.6595,1.5548,1.6279,4104846.0
2025-11-13 02:00:00+00:00,1.628,1.6417,1.557,1.5992,3679740.0
2025-11-13 03:00:00+00:00,1.5992,1.675,1.5622,1.6289,4149768.0
2025-11-13 04:00:00+00:00,1.6288,1.6357,1.565,1.6027,3224784.0
2025-11-13 05:00:00+00:00,1.6027,1.6184,1.5638,1.5809,2154912.0
2025-11-13 06:00:00+00:00,1.5813,1.6112,1.5453,1.5776,2893230.0
2025-11-13 07:00:00+00:00,1.5776,1.6217,1.421,1.4608,6398797.0
2025-11-13 08:00:00+00:00,1.4607,1.4777,1.4012,1.4195,4746722.0
2025-11-13 09:00:00+00:00,1.4195,1.4362,1.2777,1.306,9984993.0
2025-11-13 10:00:00+00:00,1.3059,1.3156,1.2164,1.2563,9604563.0
2025-11-13 11:00:00+00:00,1.2566,1.3122,1.237,1.285,6305344.0
2025-11-13 12:00:00+00:00,1.2846,1.3073,1.2254,1.2543,5705326.0
2025-11-13 13:00:00+00:00,1.2545,1.29,1.22,1.2813,4798084.0
2025-11-13 14:00:00+00:00,1.281,1.2831,1.2155,1.2676,5566862.0
2025-11-13 15:00:00+00:00,1.2674,1.2769,1.2124,1.2616,4720171.0
2025-11-13 16:00:00+00:00,1.2611,1.32,1.2342,1.2959,6661470.0
2025-11-13 17:00:00+00:00,1.296,1.4304,1.296,1.3576,9433504.0
2025-11-13 18:00:00+00:00,1.357,1.376,1.2668,1.363,6221612.0
2025-11-13 19:00:00+00:00,1.3635,1.3713,1.2904,1.2935,3869431.0
2025-11-13 20:00:00+00:00,1.2937,1.3381,1.2909,1.3078,2408786.0
2025-11-13 21:00:00+00:00,1.3079,1.3449,1.2994,1.3321,2872854.0
2025-11-13 22:00:00+00:00,1.332,1.5561,1.3287,1.4919,6700229.0
2025-11-13 23:00:00+00:00,1.4919,1.7256,1.45,1.5312,12967585.0
2025-11-14 00:00:00+00:00,1.5313,1.6923,1.5033,1.5295,11799821.0
2025-11-14 01:00:00+00:00,1.5291,1.5336,1.2729,1.2926,9929469.0
2025-11-14 02:00:00+00:00,1.2934,1.3618,1.235,1.3316,6357817.0
2025-11-14 03:00:00+00:00,1.3315,1.377,1.264,1.2802,5373702.0
2025-11-14 04:00:00+00:00,1.2804,1.305,1.2101,1.2355,4577381.0
2025-11-14 05:00:00+00:00,1.2352,1.2799,1.1493,1.1785,7033966.0
2025-11-14 06:00:00+00:00,1.1784,1.1868,1.105,1.1487,6238832.0
2025-11-14 07:00:00+00:00,1.1489,1.165,1.0665,1.0809,6468841.0
2025-11-14 08:00:00+00:00,1.0813,1.1119,1.0503,1.1009,6504404.0
2025-11-14 09:00:00+00:00,1.1009,1.1593,1.0818,1.0994,5697875.0
2025-11-14 10:00:00+00:00,1.0992,1.1088,1.08,1.0898,3234727.0
2025-11-14 11:00:00+00:00,1.0899,1.109,1.0687,1.1011,4306851.0
2025-11-14 12:00:00+00:00,1.1011,1.1238,1.0802,1.0898,3921888.0
2025-11-14 13:00:00+00:00,1.0895,1.1152,1.0315,1.0747,5476393.0
2025-11-14 14:00:00+00:00,1.0747,1.182,1.0675,1.1096,7628095.0
2025-11-14 15:00:00+00:00,1.1095,1.1127,1.024,1.0482,8378425.0
2025-11-14 16:00:00+00:00,1.0483,1.0699,1.001,1.0492,7722382.0
2025-11-14 17:00:00+00:00,1.0492,1.1116,1.0482,1.0634,6372531.0
2025-11-14 18:00:00+00:00,1.0634,1.1147,1.0634,1.0915,3642210.0
2025-11-14 19:00:00+00:00,1.0916,1.124,1.0786,1.1128,3111133.0
2025-11-14 20:00:00+00:00,1.1128,1.1244,1.02,1.0517,6430987.0
2025-11-14 21:00:00+00:00,1.0516,1.1167,1.0459,1.1024,4184256.0
2025-11-14 22:00:00+00:00,1.1024,1.1146,1.0742,1.077,2719165.0
2025-11-14 23:00:00+00:00,1.0769,1.096,1.0604,1.0642,2695237.0
2025-11-15 00:00:00+00:00,1.0643,1.0736,1.046,1.0602,2664686.0
2025-11-15 01:00:00+00:00,1.0604,1.1048,1.0597,1.0767,3604681.0
2025-11-15 02:00:00+00:00,1.0767,1.0835,1.0445,1.0552,3947150.0
2025-11-15 03:00:00+00:00,1.0551,1.0577,0.9707,0.9962,9846049.0
2025-11-15 04:00:00+00:00,0.9963,1.0101,0.9285,0.9572,8356155.0
2025-11-15 05:00:00+00:00,0.9568,1.0347,0.9512,1.0214,6598534.0
2025-11-15 06:00:00+00:00,1.0213,1.0362,0.9788,0.996,5084843.0
2025-11-15 07:00:00+00:00,0.9961,1.0086,0.9815,0.9866,4316247.0
2025-11-15 08:00:00+00:00,0.9865,0.9902,0.95,0.9567,3699788.0
2025-11-15 09:00:00+00:00,0.9566,0.9857,0.9544,0.965,4027179.0
2025-11-15 10:00:00+00:00,0.9651,0.9799,0.9557,0.9694,2991220.0
2025-11-15 11:00:00+00:00,0.9693,0.9719,0.9024,0.9185,6573879.0
2025-11-15 12:00:00+00:00,0.9184,0.9596,0.9117,0.9271,4943892.0
2025-11-15 13:00:00+00:00,0.9274,0.9692,0.9253,0.9542,4696833.0
2025-11-15 14:00:00+00:00,0.954,0.963,0.9312,0.9349,2758977.0
2025-11-15 15:00:00+00:00,0.9348,0.9469,0.9167,0.9226,3015623.0
2025-11-15 16:00:00+00:00,0.9227,0.9679,0.9168,0.9655,3775841.0
2025-11-15 17:00:00+00:00,0.9655,0.9899,0.9341,0.947,6081933.0
2025-11-15 18:00:00+00:00,0.9471,0.9585,0.925,0.9357,3201625.0
2025-11-15 19:00:00+00:00,0.9354,0.9432,0.91,0.9359,3087542.0
2025-11-15 20:00:00+00:00,0.9359,0.9579,0.915,0.9517,2425146.0
2025-11-15 21:00:00+00:00,0.9518,0.9883,0.938,0.9611,3351079.0
