timestamp,funding_rate
2025-09-18 12:00:00.000,0.00024292
2025-09-18 16:00:00.000,0.00129969
2025-09-18 20:00:00.008,0.00154294
2025-09-19 00:00:00.000,0.00168115
2025-09-19 04:00:00.003,0.00101462
2025-09-19 08:00:00.005,0.00067539
2025-09-19 12:00:00.000,0.00156297
2025-09-19 16:00:00.000,0.00067367
2025-09-19 20:00:00.004,0.0004852
2025-09-20 00:00:00.000,0.00046349
2025-09-20 04:00:00.000,0.00071114
2025-09-20 08:00:00.000,0.0006898
2025-09-20 12:00:00.008,0.00114942
2025-09-20 16:00:00.002,0.00103339
2025-09-20 20:00:00.000,0.00157638
2025-09-21 00:00:00.000,0.00305223
2025-09-21 04:00:00.002,0.00023424
2025-09-21 08:00:00.000,0.00120371
2025-09-21 12:00:00.002,0.00072489
2025-09-21 16:00:00.000,0.00048024
2025-09-21 20:00:00.000,0.00059446
2025-09-22 00:00:00.005,0.00041553
2025-09-22 04:00:00.000,0.00101726
2025-09-22 08:00:00.003,0.00107875
2025-09-22 12:00:00.005,0.0005787
2025-09-22 16:00:00.000,0.00045795
2025-09-22 20:00:00.001,0.00014331
2025-09-23 00:00:00.000,9.438e-05
2025-09-23 04:00:00.012,0.00031295
2025-09-23 08:00:00.001,0.00018801
2025-09-23 12:00:00.000,5e-05
2025-09-23 16:00:00.000,0.00033818
2025-09-23 20:00:00.001,0.00060609
2025-09-24 00:00:00.003,5e-05
2025-09-24 04:00:00.000,0.00021242
2025-09-24 08:00:00.001,0.00038057
2025-09-24 12:00:00.001,0.0002126
2025-09-24 16:00:00.002,0.00013959
2025-09-24 20:00:00.001,0.00027401
2025-09-25 00:00:00.000,0.00056557
2025-09-25 04:00:00.000,0.00013525
2025-09-25 08:00:00.001,0.000176
2025-09-25 12:00:00.000,5e-05
2025-09-25 16:00:00.000,0.00023965
2025-09-25 20:00:00.000,5e-05
2025-09-26 00:00:00.000,5e-05
2025-09-26 04:00:00.002,5e-05
2025-09-26 08:00:00.000,0.00010325
2025-09-26 12:00:00.000,0.00038011
2025-09-26 16:00:00.008,0.00056652
2025-09-26 20:00:00.005,0.00123087
2025-09-27 00:00:00.000,0.00074753
2025-09-27 04:00:00.000,0.00052501
2025-09-27 08:00:00.010,0.00030549
2025-09-27 12:00:00.003,0.00073407
2025-09-27 16:00:00.003,0.00126687
2025-09-27 20:00:00.002,0.00135106
2025-09-28 00:00:00.000,0.00127504
2025-09-28 04:00:00.002,0.00095976
2025-09-28 08:00:00.000,0.00033238
2025-09-28 12:00:00.000,0.00065014
2025-09-28 16:00:00.000,0.00054613
2025-09-28 20:00:00.004,0.0008919
2025-09-29 00:00:00.000,0.0012634
2025-09-29 04:00:00.000,0.00058415
2025-09-29 08:00:00.002,0.00089533
2025-09-29 12:00:00.000,0.00067135
2025-09-29 16:00:00.001,0.0007355
2025-09-29 20:00:00.000,0.00046892
2025-09-30 00:00:00.002,0.00052293
2025-09-30 04:00:00.000,0.00072658
2025-09-30 08:00:00.005,0.00059319
2025-09-30 12:00:00.000,0.00066385
2025-09-30 16:00:00.000,0.00074331
2025-09-30 20:00:00.000,0.00072213
2025-10-01 00:00:00.000,0.00099688
2025-10-01 04:00:00.008,0.00061742
2025-10-01 08:00:00.000,0.0005288
2025-10-01 12:00:00.007,0.00063714
2025-10-01 16:00:00.000,0.00060373
2025-10-01 20:00:00.001,0.00066559
2025-10-02 00:00:00.000,0.00066641
2025-10-02 04:00:00.001,0.00059787
2025-10-02 08:00:00.013,0.00091684
2025-10-02 12:00:00.000,0.00045126
2025-10-02 16:00:00.000,1.835e-05
2025-10-02 20:00:00.000,0.00099955
2025-10-03 00:00:00.006,0.00244653
2025-10-03 04:00:00.000,-0.00011305
2025-10-03 08:00:00.006,5e-05
2025-10-03 12:00:00.000,0.00022691
2025-10-03 16:00:00.000,0.00015354
2025-10-03 20:00:00.002,0.00068614
2025-10-04 00:00:00.001,0.00090883
2025-10-04 04:00:00.006,0.00092606
2025-10-04 08:00:00.000,0.00075767
2025-10-04 12:00:00.000,0.00103884
2025-10-04 16:00:00.000,-0.00013531
2025-10-04 20:00:00.003,-0.0105411
2025-10-05 00:00:00.000,-0.00113963
2025-10-05 04:00:00.000,-0.00079949
2025-10-05 08:00:00.003,-0.00285982
2025-10-05 12:00:00.000,-0.00355674
2025-10-05 16:00:00.009,-0.00721083
2025-10-05 20:00:00.004,-0.0036827
2025-10-06 00:00:00.004,-0.00044146
2025-10-06 04:00:00.003,-0.00134224
2025-10-06 08:00:00.002,5e-05
2025-10-06 12:00:00.000,0.00054789
2025-10-06 16:00:00.004,0.0001113
2025-10-06 20:00:00.002,0.00113739
2025-10-07 00:00:00.000,0.00107347
2025-10-07 04:00:00.001,5e-05
2025-10-07 08:00:00.003,5e-05
2025-10-07 12:00:00.005,5e-05
2025-10-07 16:00:00.000,0.00019695
2025-10-07 20:00:00.002,0.00020664
2025-10-08 00:00:00.000,0.00070238
2025-10-08 04:00:00.002,0.00070244
2025-10-08 08:00:00.006,0.00076061
2025-10-08 12:00:00.003,0.00059778
2025-10-08 16:00:00.002,0.00046501
2025-10-08 20:00:00.000,-0.00242308
2025-10-09 00:00:00.001,-0.00515074
2025-10-09 04:00:00.003,-0.00733177
2025-10-09 08:00:00.000,-0.02
2025-10-09 09:00:00.008,-0.00648923
2025-10-09 10:00:00.000,-0.00010768
2025-10-09 11:00:00.002,-4.608e-05
2025-10-09 12:00:00.002,-9.66e-06
2025-10-09 13:00:00.000,1.25e-05
2025-10-09 14:00:00.000,1.25e-05
2025-10-09 15:00:00.004,1.25e-05
2025-10-09 16:00:00.000,1.25e-05
2025-10-09 17:00:00.007,1.25e-05
2025-10-09 18:00:00.004,-2.105e-05
2025-10-09 19:00:00.001,-3.805e-05
2025-10-09 20:00:00.010,-0.00012319
2025-10-09 21:00:00.007,-0.0003237
2025-10-09 22:00:00.007,-0.00012635
2025-10-09 23:00:00.005,-0.00014843
2025-10-10 00:00:00.005,-0.00023261
2025-10-10 01:00:00.002,-0.00039127
2025-10-10 02:00:00.000,-0.00024596
2025-10-10 03:00:00.000,-0.00023234
2025-10-10 04:00:00.001,-0.00027748
2025-10-10 05:00:00.003,1.25e-05
2025-10-10 06:00:00.002,1.14e-05
2025-10-10 07:00:00.000,1.25e-05
2025-10-10 08:00:00.002,1.25e-05
2025-10-10 09:00:00.000,-6.807e-05
2025-10-10 10:00:00.000,-0.00021042
2025-10-10 11:00:00.004,-5.427e-05
2025-10-10 12:00:00.004,-8.074e-05
2025-10-10 13:00:00.005,-5.721e-05
2025-10-10 14:00:00.000,-0.00014145
2025-10-10 15:00:00.000,-0.00036988
2025-10-10 16:00:00.014,-8.99e-05
2025-10-10 17:00:00.000,-0.00014582
2025-10-10 18:00:00.003,9.75e-06
2025-10-10 19:00:00.002,-0.00022331
2025-10-10 20:00:00.003,-5.951e-05
2025-10-10 21:00:00.004,-8.761e-05
2025-10-10 22:00:00.008,-0.00058826
2025-10-10 23:00:00.000,4.27e-06
2025-10-11 00:00:00.000,1.25e-05
2025-10-11 01:00:00.004,2.828e-05
2025-10-11 02:00:00.001,-1.809e-05
2025-10-11 03:00:00.000,6.538e-05
2025-10-11 04:00:00.000,-6.1e-05
2025-10-11 05:00:00.000,-5.99e-06
2025-10-11 06:00:00.001,-3.185e-05
2025-10-11 07:00:00.001,-8.372e-05
2025-10-11 08:00:00.003,1.25e-05
2025-10-11 09:00:00.004,1.25e-05
2025-10-11 10:00:00.000,-3.709e-05
2025-10-11 11:00:00.003,1.25e-05
2025-10-11 12:00:00.003,1.25e-05
2025-10-11 13:00:00.003,1.25e-05
2025-10-11 14:00:00.000,1.25e-05
2025-10-11 15:00:00.001,1.075e-05
2025-10-11 16:00:00.000,1.25e-05
2025-10-11 17:00:00.001,1.25e-05
2025-10-11 18:00:00.000,1.25e-05
2025-10-11 19:00:00.002,1.25e-05
2025-10-11 20:00:00.001,1.25e-05
2025-10-11 21:00:00.006,1.25e-05
2025-10-11 22:00:00.003,1.25e-05
2025-10-11 23:00:00.004,-0.00068212
2025-10-12 00:00:00.004,-0.00139881
2025-10-12 01:00:00.008,-0.00122606
2025-10-12 02:00:00.000,-0.00110145
2025-10-12 03:00:00.000,-0.00110692
2025-10-12 04:00:00.001,-0.00089862
2025-10-12 05:00:00.000,-0.00075686
2025-10-12 06:00:00.000,-0.00066942
2025-10-12 07:00:00.000,-0.00078828
2025-10-12 08:00:00.002,-0.00091675
2025-10-12 09:00:00.000,-0.00086775
2025-10-12 10:00:00.000,-0.00071062
2025-10-12 11:00:00.004,-0.00069548
2025-10-12 12:00:00.001,-0.00018973
2025-10-12 13:00:00.000,1.25e-05
2025-10-12 14:00:00.000,1.25e-05
2025-10-12 15:00:00.000,9.435e-05
2025-10-12 16:00:00.000,1.25e-05
2025-10-12 17:00:00.000,1.25e-05
2025-10-12 18:00:00.000,-7.143e-05
2025-10-12 19:00:00.000,1.25e-05
2025-10-12 20:00:00.000,-0.00056148
2025-10-12 21:00:00.005,-0.00102479
2025-10-12 22:00:00.000,-0.00087219
2025-10-12 23:00:00.005,-0.00097094
2025-10-13 00:00:00.003,-0.00090699
2025-10-13 01:00:00.009,-0.00095235
2025-10-13 02:00:00.000,-0.00086508
2025-10-13 03:00:00.000,-0.00074272
2025-10-13 04:00:00.000,-0.00034939
2025-10-13 05:00:00.003,0.00017665
2025-10-13 06:00:00.000,9.005e-05
2025-10-13 07:00:00.001,2.683e-05
2025-10-13 08:00:00.002,3.008e-05
2025-10-13 09:00:00.000,1.801e-05
2025-10-13 10:00:00.000,3.299e-05
2025-10-13 11:00:00.000,7.791e-05
2025-10-13 12:00:00.001,9.268e-05
2025-10-13 13:00:00.001,5.027e-05
2025-10-13 14:00:00.007,0.00010745
2025-10-13 15:00:00.000,2.362e-05
2025-10-13 16:00:00.003,7.336e-05
2025-10-13 17:00:00.000,7.694e-05
2025-10-13 18:00:00.001,8.622e-05
2025-10-13 19:00:00.001,8.785e-05
2025-10-13 20:00:00.002,5.083e-05
2025-10-13 21:00:00.000,4.82e-05
2025-10-13 22:00:00.000,7.008e-05
2025-10-13 23:00:00.002,1.25e-05
2025-10-14 00:00:00.000,4.07e-05
2025-10-14 01:00:00.001,5.626e-05
2025-10-14 02:00:00.000,8.761e-05
2025-10-14 03:00:00.004,9.595e-05
2025-10-14 04:00:00.000,6.788e-05
2025-10-14 05:00:00.004,5.092e-05
2025-10-14 06:00:00.000,5.057e-05
2025-10-14 07:00:00.002,0.00014855
2025-10-14 08:00:00.000,9.747e-05
2025-10-14 09:00:00.000,8.164e-05
2025-10-14 10:00:00.000,0.00010065
2025-10-14 11:00:00.004,0.00011959
2025-10-14 12:00:00.000,0.0001445
2025-10-14 13:00:00.001,5.888e-05
2025-10-14 14:00:00.001,4.018e-05
2025-10-14 15:00:00.000,4.476e-05
2025-10-14 16:00:00.000,6.355e-05
2025-10-14 17:00:00.006,7.197e-05
2025-10-14 18:00:00.004,5.767e-05
2025-10-14 19:00:00.000,5.229e-05
2025-10-14 20:00:00.000,2.014e-05
2025-10-14 21:00:00.002,6.139e-05
2025-10-14 22:00:00.000,3.81e-05
2025-10-14 23:00:00.000,0.00012983
2025-10-15 00:00:00.006,0.00012929
2025-10-15 01:00:00.005,0.00017836
2025-10-15 02:00:00.004,0.00023454
2025-10-15 03:00:00.001,3.67e-05
2025-10-15 04:00:00.001,1.25e-05
2025-10-15 05:00:00.002,1.25e-05
2025-10-15 06:00:00.005,1.25e-05
2025-10-15 07:00:00.000,1.25e-05
2025-10-15 08:00:00.002,1.25e-05
2025-10-15 09:00:00.000,-2.378e-05
2025-10-15 10:00:00.000,1.25e-05
2025-10-15 11:00:00.002,1.25e-05
2025-10-15 12:00:00.005,1.25e-05
2025-10-15 13:00:00.000,1.25e-05
2025-10-15 14:00:00.000,1.25e-05
2025-10-15 15:00:00.003,5.99e-06
2025-10-15 16:00:00.000,8e-06
2025-10-15 17:00:00.000,1.25e-05
2025-10-15 18:00:00.006,1.25e-05
2025-10-15 19:00:00.006,1.25e-05
2025-10-15 20:00:00.004,-3.465e-05
2025-10-15 21:00:00.001,1.25e-05
2025-10-15 22:00:00.001,1.25e-05
2025-10-15 23:00:00.002,1.25e-05
2025-10-16 00:00:00.000,1.25e-05
2025-10-16 01:00:00.000,1.25e-05
2025-10-16 02:00:00.000,1.25e-05
2025-10-16 03:00:00.000,1.25e-05
2025-10-16 04:00:00.000,1.25e-05
2025-10-16 05:00:00.000,1.25e-05
2025-10-16 06:00:00.000,1.25e-05
2025-10-16 07:00:00.001,1.25e-05
2025-10-16 08:00:00.003,1.25e-05
2025-10-16 09:00:00.000,1.25e-05
2025-10-16 10:00:00.001,1.25e-05
2025-10-16 11:00:00.004,1.25e-05
2025-10-16 12:00:00.000,1.25e-05
2025-10-16 13:00:00.001,1.25e-05
2025-10-16 14:00:00.001,1.7e-07
2025-10-16 15:00:00.000,1.25e-05
2025-10-16 16:00:00.002,1.25e-05
2025-10-16 17:00:00.003,1.25e-05
2025-10-16 18:00:00.000,1.25e-05
2025-10-16 19:00:00.002,1.25e-05
2025-10-16 20:00:00.003,1.25e-05
2025-10-16 21:00:00.002,1.25e-05
2025-10-16 22:00:00.000,1.25e-05
2025-10-16 23:00:00.003,1.25e-05
2025-10-17 00:00:00.001,1.25e-05
2025-10-17 01:00:00.000,1.25e-05
2025-10-17 02:00:00.002,1.25e-05
2025-10-17 03:00:00.001,1.25e-05
2025-10-17 04:00:00.001,1.25e-05
2025-10-17 05:00:00.007,1.25e-05
2025-10-17 06:00:00.000,1.25e-05
2025-10-17 07:00:00.002,1.25e-05
2025-10-17 08:00:00.005,-3.395e-05
2025-10-17 09:00:00.000,1.25e-05
2025-10-17 10:00:00.007,1.25e-05
2025-10-17 11:00:00.003,1.25e-05
2025-10-17 12:00:00.000,1.25e-05
2025-10-17 13:00:00.005,1.25e-05
2025-10-17 14:00:00.006,5.612e-05
2025-10-17 15:00:00.000,2.161e-05
2025-10-17 16:00:00.003,1.25e-05
2025-10-17 17:00:00.002,0.00010702
2025-10-17 18:00:00.006,1.25e-05
2025-10-17 19:00:00.000,1.25e-05
2025-10-17 20:00:00.004,1.25e-05
2025-10-17 21:00:00.000,1.25e-05
2025-10-17 22:00:00.009,1.25e-05
2025-10-17 23:00:00.000,1.25e-05
2025-10-18 00:00:00.000,1.25e-05
2025-10-18 01:00:00.003,1.25e-05
2025-10-18 02:00:00.000,1.25e-05
2025-10-18 03:00:00.000,1.25e-05
2025-10-18 04:00:00.000,1.25e-05
2025-10-18 05:00:00.000,1.25e-05
2025-10-18 06:00:00.000,1.25e-05
2025-10-18 07:00:00.000,1.25e-05
2025-10-18 08:00:00.002,1.25e-05
2025-10-18 09:00:00.001,1.25e-05
2025-10-18 10:00:00.000,1.25e-05
2025-10-18 11:00:00.000,1.25e-05
2025-10-18 12:00:00.007,1.25e-05
2025-10-18 13:00:00.000,1.25e-05
2025-10-18 14:00:00.000,1.25e-05
2025-10-18 15:00:00.001,1.25e-05
2025-10-18 16:00:00.001,1.25e-05
2025-10-18 17:00:00.000,1.25e-05
2025-10-18 18:00:00.000,1.25e-05
2025-10-18 19:00:00.000,1.25e-05
2025-10-18 20:00:00.000,1.25e-05
2025-10-18 21:00:00.002,1.25e-05
2025-10-18 22:00:00.000,1.25e-05
2025-10-18 23:00:00.005,6.708e-05
2025-10-19 00:00:00.001,2.462e-05
2025-10-19 01:00:00.002,1.25e-05
2025-10-19 02:00:00.001,2.475e-05
2025-10-19 03:00:00.001,1.25e-05
2025-10-19 04:00:00.000,2.187e-05
2025-10-19 05:00:00.000,1.25e-05
2025-10-19 06:00:00.004,1.25e-05
2025-10-19 07:00:00.004,5.231e-05
2025-10-19 08:00:00.001,5.485e-05
2025-10-19 09:00:00.000,1.25e-05
2025-10-19 10:00:00.001,0.00011308
2025-10-19 11:00:00.004,1.25e-05
2025-10-19 12:00:00.000,4.545e-05
2025-10-19 13:00:00.000,8.306e-05
2025-10-19 14:00:00.004,5.928e-05
2025-10-19 15:00:00.000,2.63e-05
2025-10-19 16:00:00.001,8.091e-05
2025-10-19 17:00:00.000,7.053e-05
2025-10-19 18:00:00.007,1.905e-05
2025-10-19 19:00:00.002,9.125e-05
2025-10-19 20:00:00.000,7.8e-05
2025-10-19 21:00:00.000,9.167e-05
2025-10-19 22:00:00.002,0.00011349
2025-10-19 23:00:00.001,0.00010243
2025-10-20 00:00:00.004,0.00010103
2025-10-20 01:00:00.000,1.374e-05
2025-10-20 02:00:00.004,5.869e-05
2025-10-20 03:00:00.002,9.408e-05
2025-10-20 04:00:00.000,0.00016265
2025-10-20 05:00:00.000,9.07e-05
2025-10-20 06:00:00.004,1.25e-05
2025-10-20 07:00:00.000,0.000123
2025-10-20 08:00:00.001,0.00014465
2025-10-20 09:00:00.000,0.0001117
2025-10-20 10:00:00.000,0.00012048
2025-10-20 11:00:00.000,0.00015951
2025-10-20 12:00:00.000,0.0001691
2025-10-20 13:00:00.000,1.25e-05
2025-10-20 14:00:00.005,0.00010426
2025-10-20 15:00:00.010,9.635e-05
2025-10-20 16:00:00.000,8.492e-05
2025-10-20 17:00:00.003,3.908e-05
2025-10-20 18:00:00.000,6.139e-05
2025-10-20 19:00:00.000,8.707e-05
2025-10-20 20:00:00.000,5.761e-05
2025-10-20 21:00:00.006,8.585e-05
2025-10-20 22:00:00.001,4.851e-05
2025-10-20 23:00:00.000,0.00012342
2025-10-21 00:00:00.009,0.00012891
2025-10-21 01:00:00.009,9.888e-05
2025-10-21 02:00:00.007,0.00021197
2025-10-21 03:00:00.000,5.122e-05
2025-10-21 04:00:00.003,0.00011947
2025-10-21 05:00:00.001,0.0001588
2025-10-21 06:00:00.000,0.00013519
2025-10-21 07:00:00.007,0.00025082
2025-10-21 08:00:00.000,0.00017251
2025-10-21 09:00:00.004,0.00028808
2025-10-21 10:00:00.000,0.00015509
2025-10-21 11:00:00.006,0.00017391
2025-10-21 12:00:00.000,0.00027667
2025-10-21 13:00:00.000,0.00023117
2025-10-21 14:00:00.000,0.00017762
2025-10-21 15:00:00.004,0.00022796
2025-10-21 16:00:00.000,0.00022339
2025-10-21 17:00:00.001,0.00041825
2025-10-21 18:00:00.003,0.000812
2025-10-21 19:00:00.001,0.00096907
2025-10-21 20:00:00.001,0.00101695
2025-10-21 21:00:00.003,0.00102057
2025-10-21 22:00:00.008,0.00112588
2025-10-21 23:00:00.000,0.00098866
2025-10-22 00:00:00.004,0.0005745
2025-10-22 01:00:00.000,0.00023027
2025-10-22 02:00:00.001,0.00018946
2025-10-22 03:00:00.000,0.00018925
2025-10-22 04:00:00.000,0.00012981
2025-10-22 05:00:00.007,1.25e-05
2025-10-22 06:00:00.007,1.673e-05
2025-10-22 07:00:00.003,1.25e-05
2025-10-22 08:00:00.000,1.25e-05
2025-10-22 09:00:00.000,1.25e-05
2025-10-22 10:00:00.002,1.25e-05
2025-10-22 11:00:00.001,-0.00012719
2025-10-22 12:00:00.000,-3.371e-05
2025-10-22 13:00:00.004,1.25e-05
2025-10-22 14:00:00.001,1.29e-06
2025-10-22 15:00:00.003,-4.836e-05
2025-10-22 16:00:00.000,-4.461e-05
2025-10-22 17:00:00.004,-3.896e-05
2025-10-22 18:00:00.007,1.25e-05
2025-10-22 19:00:00.004,1.25e-05
2025-10-22 20:00:00.004,3.1e-06
2025-10-22 21:00:00.000,-1.683e-05
2025-10-22 22:00:00.004,4.674e-05
2025-10-22 23:00:00.000,4.377e-05
2025-10-23 00:00:00.000,1.25e-05
2025-10-23 01:00:00.003,1.25e-05
2025-10-23 02:00:00.002,2.385e-05
2025-10-23 03:00:00.002,7.608e-05
2025-10-23 04:00:00.000,0.00010122
2025-10-23 05:00:00.001,8.547e-05
2025-10-23 06:00:00.000,9.083e-05
2025-10-23 07:00:00.003,0.00013885
2025-10-23 08:00:00.001,1.25e-05
2025-10-23 09:00:00.000,-8.905e-05
2025-10-23 10:00:00.000,8.62e-06
2025-10-23 11:00:00.002,-0.00027331
2025-10-23 12:00:00.000,-0.00214396
2025-10-23 13:00:00.002,-0.00263236
2025-10-23 14:00:00.000,-0.00121842
2025-10-23 15:00:00.000,-0.00092362
2025-10-23 16:00:00.004,-0.00151149
2025-10-23 17:00:00.000,-0.00203942
2025-10-23 18:00:00.005,-0.00099987
2025-10-23 19:00:00.001,-0.0013117
2025-10-23 20:00:00.000,-0.00197894
2025-10-23 21:00:00.001,-0.00260199
2025-10-23 22:00:00.000,-0.00217913
2025-10-23 23:00:00.009,-0.0010482
2025-10-24 00:00:00.000,-0.00117223
2025-10-24 01:00:00.000,-0.00123241
2025-10-24 02:00:00.000,-0.00149175
2025-10-24 03:00:00.000,-0.0020946
2025-10-24 04:00:00.002,-0.00167454
2025-10-24 05:00:00.002,-0.00102551
2025-10-24 06:00:00.001,-0.00071589
2025-10-24 07:00:00.005,-0.00161974
2025-10-24 08:00:00.000,-0.00157999
2025-10-24 09:00:00.000,-0.00104503
2025-10-24 10:00:00.000,-0.00088577
2025-10-24 11:00:00.000,-0.00138297
2025-10-24 12:00:00.002,-0.00110061
2025-10-24 13:00:00.002,-0.00117226
2025-10-24 14:00:00.001,-0.00151081
2025-10-24 15:00:00.002,-0.00130321
2025-10-24 16:00:00.009,-0.00118894
2025-10-24 17:00:00.000,-0.00151369
2025-10-24 18:00:00.001,-0.00138246
2025-10-24 19:00:00.000,-0.00209892
2025-10-24 20:00:00.000,-0.00093163
2025-10-24 21:00:00.000,-6.663e-05
2025-10-24 22:00:00.001,-3.89e-06
2025-10-24 23:00:00.004,1.25e-05
2025-10-25 00:00:00.000,1.25e-05
2025-10-25 01:00:00.004,-2.902e-05
2025-10-25 02:00:00.006,-8.568e-05
2025-10-25 03:00:00.005,-6.05e-05
2025-10-25 04:00:00.000,-0.00024509
2025-10-25 05:00:00.005,-2.537e-05
2025-10-25 06:00:00.000,-0.00010847
2025-10-25 07:00:00.002,-0.00035491
2025-10-25 08:00:00.001,-7.764e-05
2025-10-25 09:00:00.000,-8.84e-06
2025-10-25 10:00:00.000,8.1e-06
2025-10-25 11:00:00.000,1.25e-05
2025-10-25 12:00:00.000,9.93e-06
2025-10-25 13:00:00.000,1.25e-05
2025-10-25 14:00:00.000,-0.00056427
2025-10-25 15:00:00.000,-0.00040154
2025-10-25 16:00:00.001,-0.00033639
2025-10-25 17:00:00.007,-0.00045156
2025-10-25 18:00:00.001,-0.00062364
2025-10-25 19:00:00.000,-0.00058921
2025-10-25 20:00:00.002,-0.00044839
2025-10-25 21:00:00.008,-0.00030433
2025-10-25 22:00:00.002,-0.00018109
2025-10-25 23:00:00.004,-0.0001674
2025-10-26 00:00:00.001,-0.00025118
2025-10-26 01:00:00.008,-0.0001878
2025-10-26 02:00:00.000,-0.00036573
2025-10-26 03:00:00.000,-0.00066084
2025-10-26 04:00:00.000,-0.00070848
2025-10-26 05:00:00.000,-0.00049136
2025-10-26 06:00:00.000,-0.00047446
2025-10-26 07:00:00.002,-0.000345
2025-10-26 08:00:00.001,-0.00024946
2025-10-26 09:00:00.004,-5.702e-05
2025-10-26 10:00:00.004,-3.798e-05
2025-10-26 11:00:00.000,-1.411e-05
2025-10-26 12:00:00.002,-3.43e-06
2025-10-26 13:00:00.000,1.25e-05
2025-10-26 14:00:00.001,1.25e-05
2025-10-26 15:00:00.004,1.187e-05
2025-10-26 16:00:00.000,1.25e-05
2025-10-26 17:00:00.002,-5.2e-07
2025-10-26 18:00:00.002,1.25e-05
2025-10-26 19:00:00.001,1.25e-05
2025-10-26 20:00:00.000,3.17e-05
2025-10-26 21:00:00.000,2.899e-05
2025-10-26 22:00:00.000,3.096e-05
2025-10-26 23:00:00.008,1.767e-05
2025-10-27 00:00:00.000,1.25e-05
2025-10-27 01:00:00.001,1.25e-05
2025-10-27 02:00:00.000,1.25e-05
2025-10-27 03:00:00.000,1.25e-05
2025-10-27 04:00:00.000,1.25e-05
2025-10-27 05:00:00.006,1.25e-05
2025-10-27 06:00:00.003,1.25e-05
2025-10-27 07:00:00.000,1.25e-05
2025-10-27 08:00:00.005,1.25e-05
2025-10-27 09:00:00.000,1.25e-05
2025-10-27 10:00:00.000,1.25e-05
2025-10-27 11:00:00.000,1.25e-05
2025-10-27 12:00:00.003,1.25e-05
2025-10-27 13:00:00.000,3.897e-05
2025-10-27 14:00:00.004,5.421e-05
2025-10-27 15:00:00.001,1.25e-05
2025-10-27 16:00:00.000,1.25e-05
2025-10-27 17:00:00.000,1.25e-05
2025-10-27 18:00:00.005,1.25e-05
2025-10-27 19:00:00.001,1.25e-05
2025-10-27 20:00:00.001,1.25e-05
2025-10-27 21:00:00.000,1.25e-05
2025-10-27 22:00:00.001,1.25e-05
2025-10-27 23:00:00.000,1.25e-05
2025-10-28 00:00:00.000,1.25e-05
2025-10-28 01:00:00.004,1.25e-05
2025-10-28 02:00:00.007,6.422e-05
2025-10-28 03:00:00.008,1.25e-05
2025-10-28 04:00:00.004,1.25e-05
2025-10-28 05:00:00.009,1.25e-05
2025-10-28 06:00:00.003,1.25e-05
2025-10-28 07:00:00.003,1.25e-05
2025-10-28 08:00:00.000,1.25e-05
2025-10-28 09:00:00.001,1.25e-05
2025-10-28 10:00:00.003,1.25e-05
2025-10-28 11:00:00.000,1.25e-05
2025-10-28 12:00:00.000,1.25e-05
2025-10-28 13:00:00.002,1.25e-05
2025-10-28 14:00:00.000,1.25e-05
2025-10-28 15:00:00.000,1.25e-05
2025-10-28 16:00:00.004,-0.00014515
2025-10-28 17:00:00.008,1.25e-05
2025-10-28 18:00:00.001,-7.05e-05
2025-10-28 19:00:00.003,-8.723e-05
2025-10-28 20:00:00.004,-0.00034411
2025-10-28 21:00:00.007,-0.0007018
2025-10-28 22:00:00.000,-0.00066903
2025-10-28 23:00:00.003,-0.00061373
2025-10-29 00:00:00.004,-0.00043012
2025-10-29 01:00:00.000,-0.00015762
2025-10-29 02:00:00.000,1.25e-05
2025-10-29 03:00:00.009,1.25e-05
2025-10-29 04:00:00.005,1.25e-05
2025-10-29 05:00:00.003,1.25e-05
2025-10-29 06:00:00.000,1.25e-05
2025-10-29 07:00:00.000,1.25e-05
2025-10-29 08:00:00.005,1.25e-05
2025-10-29 09:00:00.000,1.25e-05
2025-10-29 10:00:00.000,1.25e-05
2025-10-29 11:00:00.005,1.25e-05
2025-10-29 12:00:00.011,1.25e-05
2025-10-29 13:00:00.000,1.25e-05
2025-10-29 14:00:00.000,1.25e-05
2025-10-29 15:00:00.000,1.25e-05
2025-10-29 16:00:00.000,1.25e-05
2025-10-29 17:00:00.009,1.25e-05
2025-10-29 18:00:00.001,1.25e-05
2025-10-29 19:00:00.000,1.25e-05
2025-10-29 20:00:00.008,1.25e-05
2025-10-29 21:00:00.000,1.25e-05
2025-10-29 22:00:00.004,1.25e-05
2025-10-29 23:00:00.000,1.25e-05
2025-10-30 00:00:00.004,1.25e-05
2025-10-30 01:00:00.003,1.25e-05
2025-10-30 02:00:00.000,1.25e-05
2025-10-30 03:00:00.003,1.25e-05
2025-10-30 04:00:00.001,1.25e-05
2025-10-30 05:00:00.004,1.25e-05
2025-10-30 06:00:00.000,1.25e-05
2025-10-30 07:00:00.000,1.25e-05
2025-10-30 08:00:00.008,1.25e-05
2025-10-30 09:00:00.010,1.25e-05
2025-10-30 10:00:00.000,1.25e-05
2025-10-30 11:00:00.006,1.25e-05
2025-10-30 12:00:00.006,1.25e-05
2025-10-30 13:00:00.006,1.25e-05
2025-10-30 16:00:00.001,5e-05
2025-10-30 20:00:00.000,5e-05
2025-10-31 00:00:00.000,5e-05
2025-10-31 04:00:00.000,5e-05
2025-10-31 08:00:00.008,5e-05
2025-10-31 12:00:00.008,5e-05
2025-10-31 16:00:00.007,0.00055951
2025-10-31 20:00:00.001,5e-05
2025-11-01 00:00:00.001,5e-05
2025-11-01 04:00:00.000,0.00020794
2025-11-01 08:00:00.000,0.00024735
2025-11-01 12:00:00.000,0.0002942
2025-11-01 16:00:00.000,0.00027612
2025-11-01 20:00:00.003,0.00043449
2025-11-02 00:00:00.007,0.0005091
2025-11-02 04:00:00.002,0.00013096
2025-11-02 08:00:00.000,5e-05
2025-11-02 12:00:00.001,5e-05
2025-11-02 16:00:00.001,5e-05
2025-11-02 20:00:00.001,0.0001464
2025-11-03 00:00:00.000,0.00019941
2025-11-03 04:00:00.003,0.00012987
2025-11-03 08:00:00.010,0.00061794
2025-11-03 12:00:00.002,0.00021542
2025-11-03 16:00:00.000,0.00038079
2025-11-03 20:00:00.008,0.000258
2025-11-04 00:00:00.002,0.00044597
2025-11-04 04:00:00.000,5e-05
2025-11-04 08:00:00.004,0.00088124
2025-11-04 12:00:00.000,0.00044095
2025-11-04 16:00:00.000,0.0032141
2025-11-04 20:00:00.001,0.00245763
2025-11-05 00:00:00.000,0.00487378
2025-11-05 04:00:00.005,0.00317132
2025-11-05 08:00:00.000,0.00084364
2025-11-05 12:00:00.000,5e-05
2025-11-05 16:00:00.004,5e-05
2025-11-05 20:00:00.001,5e-05
2025-11-06 00:00:00.001,5e-05
2025-11-06 04:00:00.009,-0.00031233
2025-11-06 08:00:00.000,-0.00139671
2025-11-06 12:00:00.001,-0.01434799
2025-11-06 16:00:00.001,-0.02
2025-11-06 17:00:00.001,-0.00872445
2025-11-06 18:00:00.005,-0.00356921
2025-11-06 19:00:00.000,-0.00395839
2025-11-06 20:00:00.006,-0.00398956
2025-11-06 21:00:00.000,-0.00336515
2025-11-06 22:00:00.000,-0.00403597
2025-11-06 23:00:00.004,-0.00363596
2025-11-07 00:00:00.005,-0.00276832
2025-11-07 01:00:00.000,-0.00326308
2025-11-07 02:00:00.000,-0.00330983
2025-11-07 03:00:00.000,-0.0029302
2025-11-07 04:00:00.000,-0.00323261
2025-11-07 05:00:00.000,-0.00346465
2025-11-07 06:00:00.000,-0.00312444
2025-11-07 07:00:00.004,-0.0025556
2025-11-07 08:00:00.003,-0.00414864
2025-11-07 09:00:00.001,-0.00575693
2025-11-07 10:00:00.004,-0.00543523
2025-11-07 11:00:00.000,-0.00791917
2025-11-07 12:00:00.005,-0.01350557
2025-11-07 13:00:00.000,-0.01377397
2025-11-07 14:00:00.004,-0.00891181
2025-11-07 15:00:00.011,-0.01125336
2025-11-07 16:00:00.005,-0.01492466
2025-11-07 17:00:00.003,-0.00571288
2025-11-07 18:00:00.005,-0.00121006
2025-11-07 19:00:00.000,-0.00631611
2025-11-07 20:00:00.000,-0.00854462
2025-11-07 21:00:00.004,-0.00851385
2025-11-07 22:00:00.004,-0.00776695
2025-11-07 23:00:00.000,-0.00763141
2025-11-08 00:00:00.011,-0.00651951
2025-11-08 01:00:00.009,-0.00494554
2025-11-08 02:00:00.010,-0.00510291
2025-11-08 03:00:00.000,-0.00107473
2025-11-08 04:00:00.001,0.00012642
2025-11-08 05:00:00.006,0.00030048
2025-11-08 06:00:00.000,1.25e-05
2025-11-08 07:00:00.007,1.25e-05
2025-11-08 08:00:00.015,1.437e-05
2025-11-08 09:00:00.001,-8.493e-05
2025-11-08 10:00:00.009,-0.00035596
2025-11-08 11:00:00.008,-0.00036856
2025-11-08 12:00:00.000,-0.00033649
2025-11-08 13:00:00.000,-0.00020869
2025-11-08 14:00:00.000,-0.00028384
2025-11-08 15:00:00.000,1.25e-05
2025-11-08 16:00:00.001,0.00022005
2025-11-08 17:00:00.000,0.00030143
2025-11-08 18:00:00.000,0.00030361
2025-11-08 19:00:00.007,0.00061401
2025-11-08 20:00:00.006,0.00055615
2025-11-08 21:00:00.008,0.00055907
2025-11-08 22:00:00.011,0.00044146
2025-11-08 23:00:00.000,0.00038596
2025-11-09 00:00:00.004,0.00042632
2025-11-09 01:00:00.000,0.00015162
2025-11-09 02:00:00.006,0.0002684
2025-11-09 03:00:00.000,4.604e-05
2025-11-09 04:00:00.000,0.00012183
2025-11-09 05:00:00.007,0.00017205
2025-11-09 06:00:00.004,5.632e-05
2025-11-09 07:00:00.000,2.264e-05
2025-11-09 08:00:00.000,0.00018443
2025-11-09 09:00:00.001,0.00010308
2025-11-09 10:00:00.005,0.00015475
2025-11-09 11:00:00.003,0.000164
2025-11-09 12:00:00.000,0.00033204
2025-11-09 13:00:00.010,1.25e-05
2025-11-09 14:00:00.007,1.25e-05
2025-11-09 15:00:00.000,-0.00311492
2025-11-09 16:00:00.005,-0.00844836
2025-11-09 17:00:00.000,-0.00705895
2025-11-09 18:00:00.001,-0.00918118
2025-11-09 19:00:00.000,-0.00592122
2025-11-09 20:00:00.010,-0.00525618
2025-11-09 21:00:00.007,-0.00438756
2025-11-09 22:00:00.003,-0.00316786
2025-11-09 23:00:00.012,-0.00279823
2025-11-10 00:00:00.000,-0.00458375
2025-11-10 01:00:00.001,-0.00542745
2025-11-10 02:00:00.000,-0.00270146
2025-11-10 03:00:00.009,-0.00216609
2025-11-10 04:00:00.005,0.00052828
2025-11-10 05:00:00.000,-0.00279068
2025-11-10 06:00:00.009,-0.00360894
2025-11-10 07:00:00.000,-0.00201538
2025-11-10 08:00:00.000,-0.00088616
2025-11-10 09:00:00.003,-5.435e-05
2025-11-10 10:00:00.001,1.25e-05
2025-11-10 11:00:00.001,1.25e-05
2025-11-10 12:00:00.003,-0.00010523
2025-11-10 13:00:00.001,-0.00060396
2025-11-10 14:00:00.000,-0.00076129
2025-11-10 15:00:00.001,-0.00135376
2025-11-10 16:00:00.003,-2.252e-05
2025-11-10 17:00:00.000,-0.00013022
2025-11-10 18:00:00.000,-0.00017243
2025-11-10 19:00:00.004,-0.00099802
2025-11-10 20:00:00.000,-0.00141094
2025-11-10 21:00:00.007,-0.00145534
2025-11-10 22:00:00.000,-0.00265173
2025-11-10 23:00:00.000,-0.00191724
2025-11-11 00:00:00.007,-0.00057083
2025-11-11 01:00:00.006,-0.00127551
2025-11-11 02:00:00.000,-0.00146194
2025-11-11 03:00:00.008,-0.00187381
2025-11-11 04:00:00.003,-0.00251788
2025-11-11 05:00:00.000,-0.00266783
2025-11-11 06:00:00.002,-0.00155922
2025-11-11 07:00:00.002,-0.00063421
2025-11-11 08:00:00.000,-0.0006227
2025-11-11 09:00:00.005,-0.00051564
2025-11-11 10:00:00.000,-0.00058679
2025-11-11 11:00:00.006,-0.00040349
2025-11-11 12:00:00.002,-0.00052302
2025-11-11 13:00:00.001,-0.00028527
2025-11-11 14:00:00.000,1.25e-05
2025-11-11 15:00:00.000,-2.103e-05
2025-11-11 16:00:00.009,1.062e-05
2025-11-11 17:00:00.005,1.25e-05
2025-11-11 18:00:00.000,1.25e-05
2025-11-11 19:00:00.000,1.25e-05
2025-11-11 20:00:00.000,-1.807e-05
2025-11-11 21:00:00.008,-0.00026669
2025-11-11 22:00:00.000,1.25e-05
2025-11-11 23:00:00.008,-0.000119
2025-11-12 00:00:00.000,-0.0002571
2025-11-12 01:00:00.006,-0.00102878
2025-11-12 02:00:00.000,-0.00039998
2025-11-12 03:00:00.008,-0.00036772
2025-11-12 04:00:00.000,-0.00030041
2025-11-12 05:00:00.007,-3.339e-05
2025-11-12 06:00:00.000,-2.23e-06
2025-11-12 07:00:00.010,1.25e-05
2025-11-12 08:00:00.002,-8.28e-06
2025-11-12 09:00:00.001,-1.508e-05
2025-11-12 10:00:00.000,1.25e-05
2025-11-12 11:00:00.000,8.2e-06
2025-11-12 12:00:00.000,-0.00024231
2025-11-12 13:00:00.007,-0.00024585
2025-11-12 14:00:00.000,-0.00017055
2025-11-12 15:00:00.005,-6.768e-05
2025-11-12 16:00:00.000,-3.89e-05
2025-11-12 17:00:00.001,-0.00010194
2025-11-12 18:00:00.000,-9.101e-05
2025-11-12 19:00:00.008,-0.00017758
2025-11-12 20:00:00.001,-0.00021721
2025-11-12 21:00:00.001,-5.123e-05
2025-11-12 22:00:00.004,1.25e-05
2025-11-12 23:00:00.005,1.25e-05
2025-11-13 00:00:00.002,1.25e-05
2025-11-13 01:00:00.010,1.25e-05
2025-11-13 02:00:00.005,1.25e-05
2025-11-13 03:00:00.005,1.25e-05
2025-11-13 04:00:00.000,1.25e-05
2025-11-13 05:00:00.000,1.25e-05
2025-11-13 06:00:00.002,1.25e-05
2025-11-13 07:00:00.001,1.25e-05
2025-11-13 08:00:00.000,1.25e-05
2025-11-13 09:00:00.000,1.25e-05
2025-11-13 10:00:00.007,1.25e-05
2025-11-13 11:00:00.000,1.25e-05
2025-11-13 12:00:00.001,3.213e-05
2025-11-13 13:00:00.000,1.25e-05
2025-11-13 14:00:00.000,3.653e-05
2025-11-13 15:00:00.000,6.9e-05
2025-11-13 16:00:00.001,9.319e-05
2025-11-13 17:00:00.000,0.00021923
2025-11-13 18:00:00.000,0.00023416
2025-11-13 19:00:00.000,0.00021235
2025-11-13 20:00:00.004,0.00023512
2025-11-13 21:00:00.000,0.00030885
2025-11-13 22:00:00.001,0.00041103
2025-11-13 23:00:00.005,0.00043243
2025-11-14 00:00:00.000,0.00044572
2025-11-14 01:00:00.006,0.00015108
2025-11-14 02:00:00.011,5.461e-05
2025-11-14 03:00:00.004,2.667e-05
2025-11-14 04:00:00.000,7.426e-05
2025-11-14 05:00:00.007,0.00013791
2025-11-14 06:00:00.000,0.0002344
2025-11-14 07:00:00.002,5.016e-05
2025-11-14 08:00:00.000,0.00015512
2025-11-14 09:00:00.006,1.25e-05
2025-11-14 10:00:00.001,1.25e-05
2025-11-14 11:00:00.000,5.095e-05
2025-11-14 12:00:00.001,6.63e-05
2025-11-14 13:00:00.000,7.042e-05
2025-11-14 14:00:00.007,1.25e-05
2025-11-14 15:00:00.000,0.00047412
2025-11-14 16:00:00.001,0.00047561
2025-11-14 17:00:00.000,0.00041389
2025-11-14 18:00:00.001,0.00038848
2025-11-14 19:00:00.002,0.00046546
2025-11-14 20:00:00.000,0.00063863
2025-11-14 21:00:00.000,0.00053937
2025-11-14 22:00:00.000,0.00090563
2025-11-14 23:00:00.000,0.00059386
2025-11-15 00:00:00.005,0.00061284
2025-11-15 01:00:00.005,0.00070043
2025-11-15 02:00:00.002,0.00074389
2025-11-15 03:00:00.007,0.00046173
2025-11-15 04:00:00.015,0.00027446
2025-11-15 05:00:00.001,0.00024477
2025-11-15 06:00:00.002,0.00030499
2025-11-15 07:00:00.015,0.00034695
2025-11-15 08:00:00.000,0.00040745
2025-11-15 09:00:00.001,0.00047292
2025-11-15 10:00:00.009,0.00044424
2025-11-15 11:00:00.001,0.00073065
2025-11-15 12:00:00.008,0.00044275
2025-11-15 13:00:00.008,0.00029892
2025-11-15 14:00:00.000,0.00031883
2025-11-15 15:00:00.003,0.00037126
2025-11-15 16:00:00.001,0.00058554
2025-11-15 17:00:00.000,0.00064944
2025-11-15 18:00:00.000,0.00078579
2025-11-15 19:00:00.000,0.00071468
2025-11-15 20:00:00.003,0.00060357
2025-11-15 21:00:00.000,0.00078475
2025-11-15 22:00:00.000,0.00078387
